Application order,Previous qualification (grade),Admission grade,Age at enrollment,Curricular units 1st sem (credited),Curricular units 1st sem (enrolled),Curricular units 1st sem (evaluations),Curricular units 1st sem (approved),Curricular units 1st sem (grade),Curricular units 1st sem (without evaluations),Curricular units 2nd sem (credited),Curricular units 2nd sem (enrolled),Curricular units 2nd sem (evaluations),Curricular units 2nd sem (approved),Curricular units 2nd sem (grade),Curricular units 2nd sem (without evaluations),Is_Mature_Student,First_Generation_Student,Financial_Risk_Flag,Pass_Rate_1st_Sem,Pass_Rate_2nd_Sem,Evaluation_Load_Ratio_1st_Sem,Evaluation_Load_Ratio_2nd_Sem,Marital status_Single,Gender_Male,Daytime/evening attendance_Evening,Course_Health Sciences,Course_STEM,Course_Social & Humanities,Application mode_Other Special,Application mode_Special/Non-Traditional,Previous qualification_Higher Education,Previous qualification_Vocational/Technical,Mother's qualification_Higher Education,Mother's qualification_Vocational/Technical,Father's qualification_Higher Education,Father's qualification_Vocational/Technical,Mother's occupation_Clerical/Service,Mother's occupation_Professional/Managerial,Mother's occupation_Student,Mother's occupation_Unknown/Not Reported,Father's occupation_Clerical/Service,Father's occupation_Professional/Managerial,Father's occupation_Student,Father's occupation_Unknown/Not Reported,Displaced_Yes,Debtor_Yes,Tuition fees up to date_Yes,Scholarship holder_Yes,International_Yes,Actual,Predicted,Correct_Prediction
-0.5540677512436588,2.076819318341645,2.280459297461435,-0.4303628237699172,0,6,7,6,14.0,0,0,6,7,6,14.666666666666666,0,0,0,0,1.0,1.0,1.1666666666666667,1.1666666666666667,True,True,False,False,False,True,True,False,False,True,True,False,True,False,False,True,False,False,False,False,False,False,True,False,True,False,False,Graduate,,False
-0.5540677512436588,-0.1223427002831811,-0.0468302696194676,-0.562167955812708,0,7,9,7,12.492857142857144,0,0,8,10,8,11.7125,0,0,1,0,1.0,1.0,1.2857142857142858,1.25,True,True,False,True,False,False,False,False,False,False,False,False,False,False,True,False,False,False,True,False,False,False,False,False,True,False,False,Graduate,,False
0.2071731591606723,-0.8806744308434659,-0.4335608801729703,-0.6939730878554988,0,6,8,4,10.75,0,0,6,9,0,0.0,0,0,0,0,0.6666666666666666,0.0,1.3333333333333333,1.5,True,False,False,False,False,True,False,False,False,False,True,False,False,False,False,True,False,False,False,True,False,False,True,False,True,False,False,Enrolled,Graduate,False
0.2071731591606723,-1.1081739500115513,-0.5440553403311146,-0.4303628237699172,0,5,5,5,11.6,0,0,5,5,5,13.6,0,0,1,0,1.0,1.0,1.0,1.0,True,False,False,False,False,False,False,False,False,False,False,False,False,False,True,False,False,False,True,False,False,False,True,False,True,True,False,Graduate,Graduate,True
-0.5540677512436588,0.0369069631344782,1.935164109467236,-0.2985576917271264,0,6,7,5,13.0,0,0,6,6,6,12.666666666666666,0,0,1,0,0.8333333333333334,1.0,1.1666666666666667,1.0,True,False,False,False,False,True,False,False,False,False,False,False,False,False,False,False,False,False,False,False,False,False,False,False,True,True,False,Graduate,,False
-0.5540677512436588,0.5601558572210751,0.8992785454846383,0.4922731005296184,0,5,6,4,13.5,0,0,5,6,4,13.75,0,1,1,0,0.8,0.8,1.2,1.2,True,True,True,False,False,False,True,False,True,False,False,False,False,False,False,False,False,False,False,False,False,False,False,False,True,False,False,Graduate,,False
0.2071731591606723,1.3184875877813598,0.2639353995753126,-0.4303628237699172,0,6,9,5,11.8,0,0,6,9,5,11.833333333333334,0,0,1,0,0.8333333333333334,0.8333333333333334,1.5,1.5,True,False,False,False,False,True,False,False,False,False,False,False,False,False,False,False,False,False,False,False,False,False,False,False,True,True,True,Graduate,,False
-0.5540677512436588,-0.1223427002831811,0.6921014326881187,-0.4303628237699172,0,6,8,6,11.166666666666666,0,0,6,10,5,10.6,0,0,1,0,1.0,0.8333333333333334,1.3333333333333333,1.6666666666666667,True,False,False,False,False,False,False,False,False,False,False,False,False,False,False,False,False,False,False,False,False,False,False,False,True,True,False,Graduate,Graduate,True
-0.5540677512436588,-0.5015085655633235,-0.8133855869665894,-0.562167955812708,0,5,6,5,12.6,0,0,5,13,5,11.8,5,0,0,0,1.0,1.0,1.2,2.6,True,True,False,False,False,False,False,False,False,False,True,False,False,False,False,True,False,False,False,True,False,False,False,False,True,False,False,Graduate,,False
3.2521368007779965,0.4843226841650466,-0.1711365372973791,-0.562167955812708,0,8,9,7,12.04142857142857,0,0,8,9,7,12.04142857142857,0,0,1,0,0.875,0.875,1.125,1.125,True,False,False,True,False,False,False,False,False,False,False,False,False,False,True,False,False,False,True,False,False,False,True,False,True,False,False,Graduate,,False
-0.5540677512436588,0.0369069631344782,-0.9307859508846172,3.5237911375138067,3,9,11,8,13.25,0,2,7,8,7,11.714285714285714,0,1,1,0,0.8888888888888888,1.0,1.2222222222222223,1.1428571428571428,False,False,True,False,False,True,False,True,False,False,False,False,False,False,False,False,False,False,False,False,False,False,False,False,True,True,False,Graduate,,False
-0.5540677512436588,0.0369069631344782,0.2363117845357762,0.8876884966579909,0,5,10,3,10.666666666666666,0,0,5,8,5,10.4,0,1,1,0,0.6,1.0,2.0,1.6,False,False,True,False,False,False,False,True,False,False,False,False,False,False,False,False,False,False,False,False,False,False,False,False,True,False,False,Enrolled,,False
-0.5540677512436588,0.5601558572210751,0.2915590146148469,0.3604679684868276,0,5,9,0,0.0,0,0,5,6,0,0.0,0,1,1,0,0.0,0.0,1.8,1.2,True,True,False,False,False,True,False,False,False,False,False,False,False,False,True,False,False,False,True,False,False,False,False,False,True,True,False,Dropout,,False
0.2071731591606723,0.0369069631344782,-1.448728732875916,-0.562167955812708,0,7,16,2,12.75,0,0,7,12,2,11.0,0,0,1,0,0.2857142857142857,0.2857142857142857,2.2857142857142856,1.7142857142857142,True,False,False,True,False,False,False,False,False,False,False,False,False,False,False,False,False,False,False,False,False,False,True,False,True,False,False,Dropout,,False
-0.5540677512436588,-0.8806744308434659,-0.2678191899357552,-0.2985576917271264,0,6,11,6,11.166666666666666,0,0,6,14,3,14.666666666666666,0,0,1,0,1.0,0.5,1.8333333333333333,2.333333333333333,True,True,False,False,False,False,False,False,False,False,False,False,False,False,True,False,False,False,True,False,False,False,True,False,True,False,False,Enrolled,,False
0.2071731591606723,-0.2740090463952381,-0.5578671478508818,-0.562167955812708,0,5,8,4,12.8,0,0,5,10,3,14.5,0,0,1,0,0.8,0.6,1.6,2.0,True,False,False,False,False,False,False,False,False,False,False,False,False,False,False,True,False,False,False,False,False,False,True,False,True,False,False,Enrolled,,False
0.2071731591606723,0.5601558572210751,-0.2332896711363353,-0.6939730878554988,0,6,10,6,12.857142857142858,0,0,6,6,3,12.666666666666666,0,0,1,0,1.0,0.5,1.6666666666666667,1.0,True,False,False,False,False,False,False,False,False,False,False,False,False,False,True,False,False,False,True,False,False,False,True,False,True,False,False,Graduate,Dropout,False
-0.5540677512436588,-2.473171065020064,0.2086881694962399,1.2831038927863632,0,8,16,1,10.0,1,0,8,16,1,10.0,1,1,1,0,0.125,0.125,2.0,2.0,False,True,False,True,False,False,False,True,False,False,False,False,False,False,True,False,False,False,True,False,False,False,False,False,True,True,False,Enrolled,,False
-0.5540677512436588,0.5601558572210751,-0.7926678756869375,1.2831038927863632,0,6,6,1,11.0,0,0,6,0,0,0.0,0,1,1,1,0.1666666666666666,0.0,1.0,0.0,True,True,True,False,False,True,False,True,False,False,False,False,False,False,False,False,False,True,True,False,False,False,False,False,False,False,False,Dropout,Graduate,False
0.9684140695650034,-0.1981758733392096,0.4711125123718321,-0.562167955812708,0,7,0,0,0.0,0,0,8,0,0,0.0,0,0,0,0,0.0,0.0,0.0,0.0,True,False,False,True,False,False,False,False,False,False,True,False,False,False,False,True,False,False,True,False,False,False,False,False,True,False,False,Dropout,Dropout,True
0.9684140695650034,2.152652491397673,1.893728686907932,-0.6939730878554988,0,6,6,6,14.166666666666666,0,0,6,6,6,14.0,0,0,1,0,1.0,1.0,1.0,1.0,True,False,False,False,False,True,False,False,False,False,False,False,False,False,True,False,False,False,True,False,False,False,True,False,True,False,False,Graduate,,False
-0.5540677512436588,0.0369069631344782,1.382691808676517,-0.1667525596843355,0,5,6,2,12.5,0,0,5,5,0,0.0,0,0,1,0,0.4,0.0,1.2,1.0,True,False,False,False,False,False,False,False,False,False,False,False,False,False,False,False,True,False,True,False,False,False,False,False,True,False,False,Dropout,,False
-0.5540677512436588,-0.9565076038994944,0.4296770898125266,1.1512987607435723,0,5,5,0,0.0,0,0,5,5,0,0.0,0,1,1,0,0.0,0.0,1.0,1.0,False,True,True,False,False,False,False,True,False,False,False,False,False,False,False,False,False,False,False,False,False,False,True,False,True,False,False,Dropout,Dropout,True
-0.5540677512436588,0.1809899919409327,-0.4128431688933185,-0.4303628237699172,0,6,13,1,10.0,0,0,6,13,1,13.0,0,0,1,0,0.1666666666666666,0.1666666666666666,2.1666666666666665,2.1666666666666665,True,False,False,False,False,True,False,False,False,False,False,False,False,False,False,False,False,False,True,False,False,False,False,False,True,False,False,Enrolled,,False
-0.5540677512436588,0.0293236458288757,0.2224999770160071,-0.562167955812708,0,7,7,7,13.7,0,0,8,9,8,14.022222222222222,0,0,1,0,1.0,1.0,1.0,1.125,True,True,False,True,False,False,False,False,False,False,False,False,False,False,False,False,False,False,False,False,False,False,True,False,True,True,False,Graduate,,False
-0.5540677512436588,0.0369069631344782,1.1064556582811578,-0.2985576917271264,0,6,9,5,11.4,0,0,6,8,5,12.2,0,0,1,1,0.8333333333333334,0.8333333333333334,1.5,1.3333333333333333,True,False,False,False,False,True,False,False,False,False,False,False,False,False,True,False,False,False,False,False,False,False,True,True,True,False,False,Dropout,,False
0.2071731591606723,-1.3356734691796368,-1.0205626997631088,-0.6939730878554988,0,5,9,2,10.0,0,0,5,9,0,0.0,0,0,1,1,0.4,0.0,1.8,1.8,True,True,False,False,True,False,False,True,False,False,False,False,False,False,False,False,False,False,False,False,False,False,True,True,True,False,False,Enrolled,Graduate,False
0.2071731591606723,-0.1981758733392096,0.1396291318974001,-0.4303628237699172,0,5,7,4,11.75,0,0,5,9,2,10.5,0,0,1,0,0.8,0.4,1.4,1.8,True,False,False,True,False,False,False,False,False,False,False,False,False,False,False,False,False,False,False,False,False,False,False,False,True,False,False,Enrolled,,False
-0.5540677512436588,-2.473171065020064,-1.7387766907910434,-0.2985576917271264,0,6,8,5,11.6,0,0,6,6,5,13.0,0,0,1,0,0.8333333333333334,0.8333333333333334,1.3333333333333333,1.0,True,False,False,False,False,False,False,False,False,False,False,False,False,False,True,False,False,False,True,False,False,False,True,False,True,False,False,Enrolled,,False
-0.5540677512436588,-0.1981758733392096,0.2086881694962399,1.1512987607435723,0,5,12,4,14.75,0,0,5,9,2,15.0,0,1,1,1,0.8,0.4,2.4,1.8,True,True,True,False,False,False,True,False,True,False,False,False,False,False,False,True,False,False,False,False,False,False,False,False,False,False,False,Dropout,,False
-0.5540677512436588,-0.9565076038994944,0.0843819018183274,0.096857704401246,3,10,15,7,10.714285714285714,0,3,10,11,9,12.555555555555555,0,1,0,1,0.7,0.9,1.5,1.1,True,True,True,False,False,False,False,True,False,False,False,False,True,False,True,False,False,False,False,True,False,False,False,True,True,False,False,Enrolled,,False
-0.5540677512436588,-0.425675392507295,0.1948763619764728,-0.4303628237699172,0,6,10,0,0.0,0,0,5,10,0,0.0,0,0,0,1,0.0,0.0,1.6666666666666667,2.0,True,True,False,False,False,True,False,False,False,False,False,False,False,True,False,True,False,False,False,True,False,False,False,False,False,False,False,Dropout,,False
-0.5540677512436588,0.0369069631344782,-1.1724925824805563,0.6240782325724092,0,6,15,4,12.0,0,0,6,14,4,12.0,0,1,0,0,0.6666666666666666,0.6666666666666666,2.5,2.333333333333333,True,False,False,True,False,False,False,True,False,False,True,False,False,False,False,True,False,False,False,False,False,False,False,False,True,False,False,Dropout,,False
-0.5540677512436588,0.6359890302771035,0.6437601063689317,-0.6939730878554988,0,7,7,6,13.516666666666666,0,0,7,7,6,13.516666666666666,0,0,1,0,0.8571428571428571,0.8571428571428571,1.0,1.0,True,True,False,True,False,False,False,False,False,False,False,False,False,False,False,False,False,False,False,False,False,False,True,False,True,True,False,Graduate,,False
3.2521368007779965,0.7118222033331321,0.5056420311712521,-0.2985576917271264,0,5,0,0,0.0,0,0,5,0,0,0.0,0,0,1,0,0.0,0.0,0.0,0.0,True,True,False,False,False,False,False,False,False,False,False,False,False,False,False,False,False,False,False,False,False,False,False,False,True,False,False,Dropout,,False
-0.5540677512436588,0.0369069631344782,0.8992785454846383,0.096857704401246,0,6,13,5,13.142857142857142,0,0,6,15,3,12.666666666666666,0,1,0,1,0.8333333333333334,0.5,2.1666666666666665,2.5,True,True,False,False,False,True,False,True,False,False,False,False,True,False,False,False,False,False,False,True,False,False,True,True,True,False,False,Dropout,,False
2.490895890373665,-1.6390061614037503,-1.2967988501584682,-0.4303628237699172,2,7,9,6,13.266666666666666,0,0,7,10,5,12.3,0,0,0,0,0.8571428571428571,0.7142857142857143,1.2857142857142858,1.4285714285714286,True,False,False,True,False,False,False,False,False,False,True,False,True,False,True,False,False,False,False,True,False,False,True,False,True,False,False,Dropout,Dropout,True
1.7296549799693344,-2.0181720266838927,-0.6959852230485615,-0.4303628237699172,0,6,7,6,11.5,0,0,6,8,5,12.4,0,0,1,0,1.0,0.8333333333333334,1.1666666666666667,1.3333333333333333,True,False,False,False,False,False,False,False,False,False,False,False,False,False,False,False,False,False,False,False,False,False,True,False,True,False,False,Graduate,,False
-0.5540677512436588,0.0369069631344782,-0.620020281689838,0.4922731005296184,0,7,14,6,11.666666666666666,0,0,7,10,1,10.0,0,1,1,0,0.8571428571428571,0.1428571428571428,2.0,1.4285714285714286,False,False,False,False,False,True,False,True,False,False,False,False,False,False,False,False,False,False,False,False,False,False,False,False,True,False,False,Dropout,,False
-0.5540677512436588,-0.9565076038994944,0.1948763619764728,3.787401401599389,0,6,7,5,13.0,0,0,6,6,6,15.0,0,1,1,0,0.8333333333333334,1.0,1.1666666666666667,1.0,True,True,False,False,False,True,False,True,False,True,False,False,False,False,False,False,False,False,False,False,False,False,True,False,True,False,False,Graduate,Dropout,False
-0.5540677512436588,0.0369069631344782,-1.5177877704747558,0.096857704401246,0,6,14,6,11.285714285714286,0,0,6,16,3,10.333333333333334,0,1,1,1,1.0,0.5,2.333333333333333,2.6666666666666665,True,False,False,False,False,False,False,True,False,False,False,False,False,False,False,False,False,False,False,False,False,False,True,True,False,False,False,Dropout,,False
-0.5540677512436588,1.3184875877813598,1.5898689214730366,-0.1667525596843355,0,5,5,0,0.0,0,0,5,5,0,0.0,0,0,0,1,0.0,0.0,1.0,1.0,True,True,False,False,False,True,True,False,False,True,True,False,False,False,False,True,False,False,False,False,False,False,False,False,False,False,False,Dropout,Dropout,True
-0.5540677512436588,1.166821241669303,0.7128191439677715,-0.562167955812708,0,7,7,6,14.266666666666666,0,0,7,7,6,14.266666666666666,0,0,0,0,0.8571428571428571,0.8571428571428571,1.0,1.0,True,False,False,True,False,False,False,False,False,False,True,False,True,False,False,True,False,False,False,True,False,False,True,False,True,False,False,Graduate,,False
-0.5540677512436588,-0.1981758733392096,0.8992785454846383,0.096857704401246,0,8,8,7,14.985714285714286,0,0,8,8,7,14.985714285714286,0,1,1,0,0.875,0.875,1.0,1.0,True,False,False,True,False,False,False,True,False,False,False,False,False,False,False,False,False,False,True,False,False,False,True,False,True,False,False,Graduate,,False
-0.5540677512436588,-0.9565076038994944,-0.4819022064921583,1.1512987607435723,9,15,21,13,12.692307692307692,0,12,15,22,13,12.384615384615383,0,1,1,0,0.8666666666666667,0.8666666666666667,1.4,1.4666666666666666,False,False,False,False,False,False,False,True,True,False,False,False,False,False,True,False,False,False,False,False,False,False,False,False,True,False,False,Graduate,,False
0.9684140695650034,-1.3356734691796368,-1.1863043900003247,-0.562167955812708,0,6,8,4,11.25,0,0,6,8,4,12.0,0,0,1,0,0.6666666666666666,0.6666666666666666,1.3333333333333333,1.3333333333333333,True,False,False,False,False,False,False,False,False,False,False,False,False,False,True,False,False,False,True,False,False,False,True,False,True,False,False,Enrolled,,False
0.2071731591606723,2.000986145285616,1.6796456703515292,-0.6939730878554988,0,6,6,6,14.0,0,0,6,6,6,14.666666666666666,0,0,1,0,1.0,1.0,1.0,1.0,True,False,False,False,False,True,False,False,False,False,False,False,False,False,False,False,False,False,False,False,False,False,True,False,True,False,False,Graduate,,False
-0.5540677512436588,0.8634885494451889,0.8854667379648711,0.096857704401246,0,7,7,7,12.271428571428572,0,0,8,10,7,13.657142857142857,0,1,1,1,1.0,0.875,1.0,1.25,False,True,False,True,False,False,False,False,False,False,False,False,False,False,False,False,False,False,True,False,False,False,False,True,True,False,False,Graduate,,False
-0.5540677512436588,1.0909880686132745,0.9476198718038252,-0.4303628237699172,13,18,19,18,15.052631578947368,0,11,13,13,13,14.538461538461538,0,0,1,1,1.0,1.0,1.0555555555555556,1.0,True,False,False,False,False,True,True,False,False,False,False,False,False,False,True,False,False,False,False,False,False,False,True,True,True,True,False,Graduate,,False
-0.5540677512436588,0.5601558572210751,-1.7594944020706953,0.096857704401246,0,8,11,7,12.16,0,0,8,11,7,12.16,0,1,1,0,0.875,0.875,1.375,1.375,False,False,False,True,False,False,False,True,False,False,False,False,False,False,False,False,False,False,False,False,False,False,True,False,True,False,False,Graduate,,False
-0.5540677512436588,-0.577341738619352,-0.7650442606474013,-0.562167955812708,0,6,13,4,11.75,0,0,6,10,4,11.0,0,0,1,0,0.6666666666666666,0.6666666666666666,2.1666666666666665,1.6666666666666667,True,False,False,False,False,True,False,False,False,False,False,False,False,False,False,True,False,False,True,False,False,False,False,False,True,False,False,Graduate,Graduate,True
-0.5540677512436588,0.4084895111090181,0.3260885334142669,-0.6939730878554988,0,6,6,6,12.833333333333334,0,0,6,7,6,13.285714285714286,0,0,1,0,1.0,1.0,1.0,1.1666666666666667,True,True,False,False,False,True,False,False,False,False,False,False,False,False,True,False,False,False,True,False,False,False,True,False,True,False,False,Graduate,,False
-0.5540677512436588,0.0369069631344782,-1.5868468080735956,0.4922731005296184,0,6,6,5,12.0,0,0,6,6,0,0.0,0,1,1,1,0.8333333333333334,0.0,1.0,1.0,True,False,False,False,False,True,False,True,False,False,False,False,False,False,False,True,False,False,True,False,False,False,False,True,False,False,False,Dropout,Dropout,True
-0.5540677512436588,0.5601558572210751,0.8992785454846383,-0.0349474276415447,0,6,0,0,0.0,0,0,6,0,0,0.0,0,0,1,0,0.0,0.0,0.0,0.0,True,False,False,False,False,True,True,False,True,False,False,False,False,False,False,False,False,False,False,False,False,False,True,False,True,False,False,Dropout,Graduate,False
-0.5540677512436588,1.3184875877813598,1.4310331349957042,-0.1667525596843355,2,7,7,7,13.571428571428571,0,5,9,9,9,13.77777777777778,0,0,1,1,1.0,1.0,1.0,1.0,True,False,False,False,False,True,True,False,False,True,False,False,False,False,False,True,False,False,False,False,False,False,False,True,True,True,False,Graduate,,False
2.490895890373665,-0.8806744308434659,-0.6545498004892579,-0.4303628237699172,0,6,14,2,12.0,0,0,6,14,3,11.666666666666666,0,0,1,1,0.3333333333333333,0.5,2.333333333333333,2.333333333333333,True,False,False,False,False,True,False,False,False,False,False,False,False,False,False,False,False,False,False,False,False,False,True,True,False,False,False,Dropout,,False
-0.5540677512436588,0.0369069631344782,-1.497070059195104,0.6240782325724092,0,5,14,2,10.5,0,0,5,6,0,0.0,0,1,1,1,0.4,0.0,2.8,1.2,True,False,True,False,False,False,False,True,False,False,False,False,False,False,False,False,False,False,False,False,False,False,False,True,True,False,False,Dropout,,False
0.9684140695650034,-0.9565076038994944,-0.7926678756869375,-0.6939730878554988,0,5,8,3,10.333333333333334,0,0,5,11,3,10.857142857142858,0,0,1,1,0.6,0.6,1.6,2.2,True,True,False,False,False,False,False,False,False,False,False,False,False,False,True,False,False,False,False,False,False,False,True,True,True,False,False,Dropout,Graduate,False
-0.5540677512436588,0.7118222033331321,0.1948763619764728,-0.6939730878554988,0,5,5,0,0.0,0,0,5,6,1,15.0,0,0,1,0,0.0,0.2,1.0,1.2,True,True,False,False,True,False,False,False,False,False,False,False,False,False,True,False,False,False,False,True,False,False,True,False,True,False,False,Enrolled,,False
-0.5540677512436588,-0.1981758733392096,0.1396291318974001,0.3604679684868276,0,7,11,4,12.86,0,0,7,10,5,11.566666666666668,0,1,1,1,0.5714285714285714,0.7142857142857143,1.5714285714285714,1.4285714285714286,True,False,False,True,False,False,False,True,False,False,False,False,False,False,False,True,False,False,False,False,False,False,False,True,False,False,False,Dropout,,False
-0.5540677512436588,1.3184875877813598,1.3619740973968644,-0.2985576917271264,3,6,6,6,14.666666666666666,0,2,6,6,6,13.833333333333334,0,0,1,0,1.0,1.0,1.0,1.0,True,False,True,False,False,True,True,False,False,True,False,False,False,False,False,False,False,False,False,False,False,False,False,False,True,True,False,Graduate,,False
-0.5540677512436588,0.2568231649969612,-0.0744538846590029,-0.2985576917271264,0,5,7,5,12.2,0,0,5,7,5,11.8,0,0,1,0,1.0,1.0,1.4,1.4,True,False,False,False,False,False,False,False,False,False,False,False,False,False,False,False,False,False,False,False,False,False,False,False,True,False,False,Graduate,,False
-0.5540677512436588,-0.9565076038994944,-0.4819022064921583,-0.2985576917271264,2,7,10,6,13.428571428571429,0,5,9,9,8,13.125,0,0,0,0,0.8571428571428571,0.8888888888888888,1.4285714285714286,1.0,True,True,False,False,False,True,True,False,False,True,True,False,False,False,False,True,False,False,False,False,False,False,False,False,True,False,False,Graduate,,False
0.2071731591606723,0.7118222033331321,0.7266309514875386,-0.562167955812708,0,5,10,5,12.0,0,0,5,9,5,11.5,0,0,1,0,1.0,1.0,2.0,1.8,True,True,False,False,False,False,False,False,False,False,False,False,False,False,False,False,False,False,False,False,False,False,True,False,True,False,False,Graduate,,False
-0.5540677512436588,1.9251529722295877,0.2086881694962399,-0.4303628237699172,0,5,8,4,11.25,0,0,5,7,5,10.4,0,0,1,0,0.8,1.0,1.6,1.4,True,False,False,False,False,False,False,False,False,False,False,False,False,False,False,False,False,False,False,False,False,False,True,False,True,False,False,Graduate,,False
-0.5540677512436588,-1.3356734691796368,-0.8271973944863575,0.6240782325724092,0,6,8,5,12.8,0,0,6,8,5,11.0,0,1,1,0,0.8333333333333334,0.8333333333333334,1.3333333333333333,1.3333333333333333,True,False,True,False,False,True,False,False,False,False,False,False,False,False,False,False,False,False,False,False,False,False,True,False,True,False,False,Graduate,,False
-0.5540677512436588,-0.8048412577874374,-0.0053948470601631,-0.2985576917271264,0,6,8,6,11.714285714285714,0,0,6,7,6,12.0,0,0,1,0,1.0,1.0,1.3333333333333333,1.1666666666666667,True,False,False,False,False,True,False,True,False,False,False,False,False,False,True,False,False,False,True,False,False,False,False,False,True,False,False,Graduate,Enrolled,False
0.2071731591606723,0.1809899919409327,-0.1158893072183074,-0.6939730878554988,0,8,8,7,11.785714285714286,0,0,8,8,7,11.785714285714286,0,0,1,0,0.875,0.875,1.0,1.0,True,False,False,True,False,False,False,False,False,False,False,False,False,False,False,False,False,False,True,False,False,False,True,False,True,True,False,Graduate,,False
0.2071731591606723,0.0369069631344782,-0.2747250936956388,1.8103244209575264,0,7,10,7,10.985714285714286,0,0,8,11,8,12.3,0,1,1,0,1.0,1.0,1.4285714285714286,1.375,False,False,False,True,False,False,False,True,False,False,False,False,False,False,True,False,False,False,False,False,False,False,False,False,True,True,False,Graduate,,False
-0.5540677512436588,0.0369069631344782,1.6727397665916437,0.2286628364440368,0,5,11,4,11.5,0,0,5,11,3,13.5,0,1,1,0,0.8,0.6,2.2,2.2,True,True,True,False,False,False,False,True,False,False,False,False,False,False,True,False,False,False,True,False,False,False,False,False,True,False,False,Dropout,,False
0.9684140695650034,-1.563172988347722,-1.3244224651980046,-0.562167955812708,0,5,7,3,10.333333333333334,0,0,5,11,3,14.428571428571429,0,0,1,0,0.6,0.6,1.4,2.2,True,False,False,False,False,False,False,False,False,False,False,False,False,False,False,True,False,False,True,False,False,False,True,False,True,False,False,Enrolled,,False
-0.5540677512436588,1.0909880686132745,1.2652914447584902,-0.6939730878554988,0,0,0,0,0.0,0,0,0,0,0,0.0,0,0,0,0,0.0,0.0,0.0,0.0,True,False,False,False,False,True,False,False,False,False,True,False,True,False,True,False,False,False,False,False,False,False,True,False,True,False,False,Enrolled,,False
-0.5540677512436588,0.0369069631344782,0.7611604702869585,-0.1667525596843355,0,6,8,6,12.625,0,0,6,11,2,14.5,0,0,1,1,1.0,0.3333333333333333,1.3333333333333333,1.8333333333333333,True,True,False,False,False,False,False,False,False,False,False,False,False,False,True,False,False,False,False,False,False,False,False,True,True,False,False,Enrolled,Graduate,False
-0.5540677512436588,-0.1981758733392096,2.280459297461435,0.8876884966579909,0,5,5,5,14.6,0,0,5,5,5,15.4,0,1,0,0,1.0,1.0,1.0,1.0,False,False,True,False,False,False,False,True,True,False,True,False,False,False,False,True,False,False,False,False,False,False,False,False,True,False,False,Dropout,,False
-0.5540677512436588,-2.473171065020064,-1.3451401764776565,2.3375449491286897,0,2,2,0,0.0,0,0,6,0,0,0.0,0,1,1,0,0.0,0.0,1.0,0.0,True,False,True,False,False,True,False,True,False,False,False,False,False,False,False,False,False,False,True,False,False,False,False,False,True,False,False,Dropout,,False
-0.5540677512436588,-0.1223427002831811,0.3260885334142669,-0.4303628237699172,0,6,6,6,12.166666666666666,0,0,6,7,5,13.8,0,0,1,0,1.0,0.8333333333333334,1.0,1.1666666666666667,True,False,False,False,False,True,False,False,False,False,False,False,False,False,False,True,False,False,False,True,False,False,True,False,True,False,False,Graduate,,False
3.2521368007779965,0.7876553763891605,0.2017822657363563,-0.4303628237699172,3,7,7,7,13.914285714285713,0,5,8,8,8,14.10625,0,0,1,0,1.0,1.0,1.0,1.0,True,False,False,True,False,False,False,False,False,False,False,False,False,False,True,False,False,False,True,False,False,False,False,False,True,True,False,Graduate,Dropout,False
-0.5540677512436588,0.0369069631344782,-0.2747250936956388,1.0194936287007816,0,7,13,6,11.833333333333334,0,0,7,8,7,12.228571428571428,0,1,1,0,0.8571428571428571,1.0,1.8571428571428568,1.1428571428571428,False,False,False,True,False,False,False,True,False,False,False,False,False,False,False,False,False,False,False,False,False,False,False,False,True,False,False,Graduate,,False
1.7296549799693344,2.9868173950139862,1.9765995320265397,-0.562167955812708,0,0,0,0,0.0,0,0,0,0,0,0.0,0,0,0,0,0.0,0.0,0.0,0.0,True,True,False,False,False,True,False,False,False,False,True,False,False,False,False,True,False,False,False,False,False,False,True,False,True,False,False,Dropout,,False
3.2521368007779965,0.2568231649969612,-0.0882656921787711,-0.4303628237699172,0,7,8,6,13.548333333333334,0,0,8,11,6,14.775,0,0,0,0,0.8571428571428571,0.75,1.1428571428571428,1.375,True,False,False,True,False,False,False,False,False,False,True,False,False,False,False,True,False,False,False,False,False,False,True,False,True,False,False,Enrolled,,False
-0.5540677512436588,1.3184875877813598,0.5263597424509028,-0.562167955812708,0,0,0,0,0.0,0,0,0,0,0,0.0,0,0,1,0,0.0,0.0,0.0,0.0,True,True,False,False,False,True,True,False,False,False,False,False,False,False,False,False,False,False,False,False,False,False,True,False,True,False,False,Dropout,,False
0.2071731591606723,0.4084895111090181,0.4020534747729922,-0.6939730878554988,0,7,9,6,12.385714285714286,0,0,8,9,8,13.755555555555556,0,0,1,0,0.8571428571428571,1.0,1.2857142857142858,1.125,True,False,False,True,False,False,False,False,False,False,False,False,False,False,True,False,False,False,False,False,False,False,True,False,True,False,False,Graduate,,False
1.7296549799693344,0.2568231649969612,-0.0468302696194676,-0.6939730878554988,0,7,7,6,11.6,0,0,7,7,6,11.6,0,0,1,0,0.8571428571428571,0.8571428571428571,1.0,1.0,True,False,False,True,False,False,False,False,False,False,False,False,False,False,False,False,False,False,False,False,False,False,True,False,True,True,False,Graduate,Enrolled,False
-0.5540677512436588,0.4843226841650466,0.008416960459604,-0.0349474276415447,0,5,6,5,11.8,0,0,5,7,4,13.25,1,0,1,0,1.0,0.8,1.2,1.4,False,True,False,True,False,False,False,False,False,False,False,False,False,False,False,False,False,False,True,False,False,False,False,False,True,True,False,Graduate,,False
-0.5540677512436588,0.0369069631344782,-0.4819022064921583,0.2286628364440368,0,3,4,0,0.0,0,0,3,5,0,0.0,0,1,0,0,0.0,0.0,1.3333333333333333,1.6666666666666667,True,True,False,False,False,True,False,True,False,False,True,False,False,False,False,True,False,False,True,False,False,False,False,False,True,False,False,Dropout,Enrolled,False
-0.5540677512436588,0.3326563380529896,0.1603468431770528,-0.562167955812708,0,8,12,7,12.071428571428571,0,0,8,12,7,12.071428571428571,0,0,1,0,0.875,0.875,1.5,1.5,True,False,False,True,False,False,False,True,False,False,False,False,False,False,False,False,False,False,True,False,False,False,True,False,True,False,False,Graduate,,False
-0.5540677512436588,0.5601558572210751,1.134079273320694,-0.2985576917271264,3,6,6,6,14.833333333333334,0,2,6,7,6,12.571428571428571,0,0,1,0,1.0,1.0,1.0,1.1666666666666667,True,False,False,False,False,True,True,False,False,False,False,False,False,False,True,False,False,False,True,False,False,False,False,False,True,True,False,Graduate,,False
-0.5540677512436588,-0.5015085655633235,-0.6959852230485615,-0.6939730878554988,0,6,8,6,13.571428571428571,0,0,6,7,5,11.8,0,0,1,0,1.0,0.8333333333333334,1.3333333333333333,1.1666666666666667,True,True,False,False,False,False,False,False,False,False,False,False,False,False,True,False,False,False,True,False,False,False,False,False,True,False,False,Graduate,,False
-0.5540677512436588,0.1809899919409327,0.5539833574904391,-0.2985576917271264,0,5,9,3,12.333333333333334,0,0,5,8,4,11.25,0,0,1,1,0.6,0.8,1.8,1.6,True,True,False,False,False,False,False,True,False,False,False,False,False,False,False,False,False,False,False,False,False,False,False,True,True,False,True,Enrolled,,False
-0.5540677512436588,-2.473171065020064,-1.1724925824805563,2.3375449491286897,8,12,17,12,11.833333333333334,0,3,12,22,9,12.7,0,1,1,0,1.0,0.75,1.4166666666666667,1.8333333333333333,True,False,False,False,False,True,False,True,False,False,False,False,False,False,False,False,False,False,True,False,False,False,False,False,True,False,False,Graduate,,False
-0.5540677512436588,-0.9565076038994944,-0.288536901215407,-0.0349474276415447,0,6,13,2,10.0,0,0,5,12,1,10.0,0,0,1,0,0.3333333333333333,0.2,2.1666666666666665,2.4,True,False,True,False,False,True,False,False,False,False,False,False,False,False,False,False,False,False,False,True,False,False,False,False,True,False,False,Enrolled,Graduate,False
-0.5540677512436588,0.0293236458288757,-0.3575959388142468,-0.6939730878554988,0,8,8,8,12.93875,0,0,8,8,8,12.93875,0,0,1,0,1.0,1.0,1.0,1.0,True,True,False,True,False,False,False,False,False,False,False,False,False,False,False,False,False,False,False,False,False,False,False,False,True,True,False,Graduate,,False
-0.5540677512436588,-1.0323407769555228,-0.1366070184979592,-0.562167955812708,0,6,7,5,10.8,0,0,6,10,2,10.5,0,0,1,0,0.8333333333333334,0.3333333333333333,1.1666666666666667,1.6666666666666667,True,True,False,False,False,False,False,False,False,False,False,False,False,False,True,False,False,False,False,False,False,False,False,False,True,False,False,Enrolled,,False
0.9684140695650034,0.6359890302771035,-0.1435129222578428,-0.562167955812708,0,6,10,6,12.0,0,0,6,12,4,11.0,0,0,0,0,1.0,0.6666666666666666,1.6666666666666667,2.0,True,False,False,False,False,True,False,False,False,False,True,False,True,False,False,True,False,False,False,True,False,False,True,False,True,False,False,Graduate,,False
3.2521368007779965,-0.8048412577874374,-0.8755387208055456,-0.6939730878554988,0,7,8,6,13.976666666666668,0,0,8,12,6,12.041666666666666,1,0,1,0,0.8571428571428571,0.75,1.1428571428571428,1.5,True,True,False,True,False,False,False,False,False,False,False,False,False,False,False,True,False,False,False,False,False,False,True,False,True,False,False,Enrolled,,False
-0.5540677512436588,-0.9565076038994944,-0.4819022064921583,-0.4303628237699172,0,6,6,0,0.0,0,0,6,6,0,0.0,0,0,0,0,0.0,0.0,1.0,1.0,True,False,False,False,False,True,True,False,False,True,True,False,False,False,False,True,False,False,True,False,False,False,True,False,True,False,False,Dropout,,False
-0.5540677512436588,-0.1223427002831811,-0.0261125583398158,-0.0349474276415447,0,7,11,5,12.414285714285713,0,0,7,13,2,13.5,0,0,1,0,0.7142857142857143,0.2857142857142857,1.5714285714285714,1.8571428571428568,True,True,False,True,False,False,False,True,False,False,False,False,False,False,True,False,False,False,False,False,False,False,True,False,True,False,False,Enrolled,Enrolled,True
-0.5540677512436588,-1.714839334459779,-1.1724925824805563,-0.0349474276415447,10,15,15,13,10.923076923076923,0,5,10,10,7,11.142857142857142,0,0,1,0,0.8666666666666667,0.7,1.0,1.0,False,False,False,False,False,False,True,False,True,False,False,False,False,False,False,False,False,False,False,False,False,False,False,False,True,False,False,Graduate,,False
2.490895890373665,-0.7290080847314089,-0.3921254576136667,-0.4303628237699172,0,6,6,6,11.166666666666666,0,0,6,9,6,11.5,0,0,0,0,1.0,1.0,1.0,1.5,True,False,False,False,False,True,False,False,False,False,True,False,False,False,False,False,False,False,False,True,False,False,True,False,True,False,False,Enrolled,Graduate,False
0.2071731591606723,0.0369069631344782,-0.620020281689838,-0.4303628237699172,0,6,6,6,11.666666666666666,0,0,6,12,5,14.0,0,0,1,0,1.0,0.8333333333333334,1.0,2.0,True,False,True,False,False,True,False,False,False,False,False,False,False,False,False,True,False,False,False,True,False,False,False,False,True,True,False,Graduate,,False
-0.5540677512436588,0.0369069631344782,-1.863082958468955,1.8103244209575264,0,6,0,0,0.0,0,0,6,0,0,0.0,0,1,1,0,0.0,0.0,0.0,0.0,False,False,True,False,False,True,False,True,False,False,False,False,False,False,False,False,False,False,False,False,False,False,True,False,True,False,False,Dropout,,False
0.2071731591606723,0.2568231649969612,0.2984649183747325,-0.0349474276415447,11,14,15,12,12.625,1,11,14,15,12,12.625,1,0,1,0,0.8571428571428571,0.8571428571428571,1.0714285714285714,1.0714285714285714,True,False,False,True,False,False,False,True,False,False,False,False,False,False,False,False,False,False,True,False,False,False,False,False,True,False,False,Graduate,,False
3.2521368007779965,0.4843226841650466,0.4503948010921794,-0.6939730878554988,0,8,8,7,15.228571428571428,0,0,8,8,7,15.228571428571428,0,0,1,0,0.875,0.875,1.0,1.0,True,False,False,True,False,False,False,False,False,False,False,False,False,False,False,False,False,False,False,False,False,False,True,False,True,True,False,Graduate,,False
0.9684140695650034,0.4084895111090181,-0.1297011147380756,-0.562167955812708,0,6,6,6,13.5,0,0,6,8,5,12.8,0,0,1,0,1.0,0.8333333333333334,1.0,1.3333333333333333,True,False,False,False,False,True,False,False,False,False,False,False,False,False,True,False,False,False,False,False,False,False,True,False,True,True,False,Dropout,,False
1.7296549799693344,1.166821241669303,-0.1366070184979592,-0.6939730878554988,0,7,7,6,13.9,0,0,7,7,6,13.9,0,0,1,0,0.8571428571428571,0.8571428571428571,1.0,1.0,True,False,False,True,False,False,False,False,False,False,False,False,False,False,False,False,False,False,False,True,False,False,True,False,True,False,False,Graduate,,False
-0.5540677512436588,-0.9565076038994944,2.8467434057719205,2.8647654772998528,0,5,6,5,14.0,0,0,5,6,5,14.166666666666666,0,1,0,0,1.0,1.0,1.2,1.2,False,True,True,False,False,False,False,True,False,False,False,False,True,False,False,False,False,False,False,True,False,False,False,False,True,False,False,Graduate,,False
0.2071731591606723,0.0369069631344782,-1.828553439669535,2.073934685043108,0,3,7,1,14.0,0,0,2,4,0,0.0,0,1,1,0,0.3333333333333333,0.0,2.333333333333333,2.0,False,False,False,True,False,False,False,True,False,True,False,False,False,False,False,False,False,True,False,False,False,True,False,False,True,False,False,Dropout,,False
-0.5540677512436588,0.5601558572210751,0.8992785454846383,-0.562167955812708,0,6,10,6,13.0,0,0,6,19,5,13.0,0,0,0,0,1.0,0.8333333333333334,1.6666666666666667,3.1666666666666665,True,False,False,True,False,False,True,False,False,True,True,False,True,False,False,True,False,False,False,True,False,False,True,False,True,False,False,Graduate,,False
-0.5540677512436588,0.3326563380529896,0.2363117845357762,-0.562167955812708,0,0,0,0,0.0,0,0,0,0,0,0.0,0,0,1,0,0.0,0.0,0.0,0.0,True,True,False,False,False,True,False,False,False,False,False,False,False,False,True,False,False,False,True,False,False,False,True,False,True,False,False,Graduate,,False
-0.5540677512436588,-0.1981758733392096,0.2086881694962399,-0.4303628237699172,0,6,12,4,11.6,0,0,6,11,5,11.5,0,0,0,0,0.6666666666666666,0.8333333333333334,2.0,1.8333333333333333,True,True,False,False,False,True,True,False,False,True,True,False,True,False,False,False,False,False,False,True,False,False,True,False,True,False,False,Enrolled,,False
-0.5540677512436588,-0.1981758733392096,0.2086881694962399,1.8103244209575264,11,16,23,15,11.733333333333333,0,6,11,17,9,11.88888888888889,0,1,1,0,0.9375,0.8181818181818182,1.4375,1.5454545454545454,True,True,False,False,False,True,True,False,True,False,False,False,False,False,True,False,False,False,True,False,False,False,False,False,True,False,False,Graduate,,False
-0.5540677512436588,0.0369069631344782,-1.2415516200793966,2.073934685043108,0,7,8,5,12.16,0,0,7,8,5,12.16,0,1,1,0,0.7142857142857143,0.7142857142857143,1.1428571428571428,1.1428571428571428,False,False,False,True,False,False,False,True,False,False,False,False,False,False,False,False,False,False,False,False,False,False,True,False,True,False,False,Enrolled,,False
2.490895890373665,-1.714839334459779,-1.1724925824805563,-0.4303628237699172,0,6,10,4,12.75,0,0,6,14,3,11.333333333333334,0,0,1,0,0.6666666666666666,0.5,1.6666666666666667,2.333333333333333,True,False,False,False,False,True,False,False,False,False,False,False,False,False,False,False,False,False,False,False,False,False,True,False,True,False,False,Enrolled,,False
3.2521368007779965,1.166821241669303,0.3260885334142669,-0.562167955812708,0,7,8,5,14.0,0,0,7,7,0,0.0,0,0,1,0,0.7142857142857143,0.0,1.1428571428571428,1.0,True,False,False,True,False,False,False,False,False,False,False,False,False,False,False,True,False,False,False,True,False,False,True,False,True,False,False,Dropout,Graduate,False
-0.5540677512436588,-0.425675392507295,-0.0468302696194676,-0.2985576917271264,0,0,0,0,0.0,0,0,0,0,0,0.0,0,0,1,1,0.0,0.0,0.0,0.0,True,True,False,False,False,True,False,False,False,False,False,False,False,False,True,False,False,False,False,True,False,False,True,True,True,False,False,Dropout,,False
-0.5540677512436588,1.3184875877813598,0.5263597424509028,-0.4303628237699172,0,5,5,5,13.6,0,0,5,7,5,13.0,0,0,1,0,1.0,1.0,1.0,1.4,True,True,False,False,False,False,False,False,False,False,False,False,False,False,False,False,False,False,False,False,False,False,False,False,True,False,True,Graduate,,False
-0.5540677512436588,2.076819318341645,1.7279869966707162,-0.562167955812708,0,6,7,6,13.857142857142858,0,0,6,6,6,14.0,0,0,1,0,1.0,1.0,1.1666666666666667,1.0,True,True,False,False,False,True,False,False,False,False,False,False,False,False,False,False,False,False,False,False,False,False,False,False,True,True,False,Graduate,,False
0.9684140695650034,-0.8806744308434659,-1.0412804110427605,-0.2985576917271264,0,5,11,0,0.0,0,0,5,10,5,12.285714285714286,1,0,1,0,0.0,1.0,2.2,2.0,True,True,False,True,False,False,False,False,False,False,False,False,False,False,False,False,False,False,False,False,False,False,True,False,True,False,False,Graduate,,False
-0.5540677512436588,1.3184875877813598,-0.2747250936956388,0.4922731005296184,0,5,8,4,11.5,0,0,5,9,3,10.333333333333334,0,1,1,0,0.8,0.6,1.6,1.8,True,True,True,False,False,False,False,True,False,False,False,False,False,False,True,False,False,False,False,False,False,False,False,False,True,False,False,Dropout,Graduate,False
-0.5540677512436588,0.0369069631344782,1.2376678297189538,0.3604679684868276,0,6,11,3,11.75,0,0,6,19,4,12.8,0,1,0,0,0.5,0.6666666666666666,1.8333333333333333,3.1666666666666665,True,False,False,True,False,False,False,True,False,False,True,False,True,False,True,False,False,False,False,True,False,False,True,False,True,False,False,Enrolled,,False
-0.5540677512436588,-1.1840071230675795,-0.951503662164269,-0.4303628237699172,0,6,8,6,10.666666666666666,0,0,6,7,6,11.857142857142858,0,0,1,1,1.0,1.0,1.3333333333333333,1.1666666666666667,True,False,False,False,False,True,False,False,False,False,False,False,False,False,False,False,False,False,False,False,False,False,True,True,True,False,False,Graduate,,False
-0.5540677512436588,1.2426544147253311,2.149247126023639,-0.4303628237699172,0,0,0,0,0.0,0,0,0,0,0,0.0,0,0,1,0,0.0,0.0,0.0,0.0,True,True,False,False,False,True,False,False,False,False,False,False,False,False,False,False,False,False,False,False,False,False,True,False,True,True,False,Graduate,,False
0.2071731591606723,-0.1981758733392096,-0.2471014786561025,0.8876884966579909,0,6,17,2,10.0,0,0,6,15,3,11.333333333333334,0,1,1,0,0.3333333333333333,0.5,2.833333333333333,2.5,True,True,False,False,False,False,False,False,False,False,False,False,False,False,True,False,False,False,False,False,False,False,True,False,True,False,False,Dropout,Dropout,True
-0.5540677512436588,2.228485664453701,2.4185773726591147,-0.562167955812708,0,6,7,6,15.0,0,0,6,8,6,15.625,0,0,0,0,1.0,1.0,1.1666666666666667,1.3333333333333333,True,False,False,True,False,False,False,True,False,False,True,False,False,False,True,False,False,False,True,False,False,False,False,False,True,False,False,Graduate,Graduate,True
-0.5540677512436588,0.9393217225012176,1.2445737334788374,-0.562167955812708,0,6,7,6,12.833333333333334,0,0,6,6,6,13.166666666666666,0,0,1,0,1.0,1.0,1.1666666666666667,1.0,True,False,False,False,False,True,False,False,False,False,False,False,False,False,False,False,False,False,False,False,False,False,False,False,True,True,False,Graduate,,False
-0.5540677512436588,1.0909880686132745,1.037396620682318,-0.6939730878554988,0,7,7,6,14.65,0,0,7,7,6,14.65,0,0,1,0,0.8571428571428571,0.8571428571428571,1.0,1.0,True,False,False,True,False,False,False,False,False,False,False,False,False,False,False,False,False,False,False,False,False,False,True,False,True,False,False,Graduate,,False
1.7296549799693344,0.1051568188849042,0.1948763619764728,-0.4303628237699172,0,7,7,6,14.85,0,0,7,7,6,14.85,0,0,1,0,0.8571428571428571,0.8571428571428571,1.0,1.0,True,False,False,True,False,False,False,True,False,True,False,False,False,False,False,False,False,False,False,False,False,False,True,False,True,False,False,Graduate,,False
0.2071731591606723,-0.8806744308434659,-0.7512324531276341,-0.1667525596843355,0,6,7,6,11.666666666666666,0,0,6,7,5,13.2,0,0,1,0,1.0,0.8333333333333334,1.1666666666666667,1.1666666666666667,True,False,False,False,False,True,False,False,False,False,False,False,False,False,False,True,False,False,False,True,False,False,True,False,True,False,False,Graduate,Graduate,True
-0.5540677512436588,0.3326563380529896,0.6437601063689317,-0.4303628237699172,0,5,8,4,12.5,1,0,5,8,4,12.25,2,0,0,0,0.8,0.8,1.6,1.6,True,False,False,False,False,True,False,False,False,False,True,False,False,False,False,True,False,False,True,False,False,False,True,False,True,False,False,Graduate,Dropout,False
-0.5540677512436588,2.076819318341645,2.280459297461435,-0.1667525596843355,1,6,13,6,15.0,0,1,6,7,6,13.142857142857142,0,0,1,0,1.0,1.0,2.1666666666666665,1.1666666666666667,True,False,False,True,False,False,True,False,False,True,False,False,False,False,False,False,False,False,False,False,False,False,True,False,True,False,False,Graduate,,False
-0.5540677512436588,-0.1981758733392096,0.2086881694962399,-0.0349474276415447,0,5,5,0,0.0,0,0,5,5,0,0.0,0,0,0,1,0.0,0.0,1.0,1.0,True,True,False,False,True,False,True,False,False,True,False,False,True,False,False,True,False,False,True,False,False,False,False,True,False,False,False,Dropout,,False
-0.5540677512436588,-0.0465095272271526,0.008416960459604,-0.2985576917271264,0,0,0,0,0.0,0,0,0,0,0,0.0,0,0,1,1,0.0,0.0,0.0,0.0,True,True,False,False,False,True,False,False,False,False,False,False,False,False,True,False,False,False,False,False,False,False,False,False,False,False,False,Dropout,,False
0.2071731591606723,-2.473171065020064,-1.863082958468955,1.8103244209575264,0,6,9,6,11.833333333333334,0,0,6,7,6,11.0,0,1,1,1,1.0,1.0,1.5,1.1666666666666667,False,False,True,False,False,True,False,True,False,False,False,False,False,False,True,False,False,False,False,False,False,False,False,True,True,False,False,Graduate,,False
-0.5540677512436588,-0.9565076038994944,-0.288536901215407,0.3604679684868276,0,7,12,6,12.166666666666666,0,0,8,8,8,11.675,0,1,1,0,0.8571428571428571,1.0,1.7142857142857142,1.0,True,False,False,True,False,False,False,True,False,False,False,False,False,False,True,False,False,False,True,False,False,False,False,False,True,False,False,Dropout,,False
-0.5540677512436588,0.9393217225012176,0.5470774537305555,-0.6939730878554988,0,6,6,6,15.5,0,0,6,6,6,16.0,0,0,0,0,1.0,1.0,1.0,1.0,True,False,False,False,False,False,False,False,False,False,True,False,False,False,False,True,False,False,False,False,False,False,True,False,True,False,False,Graduate,,False
-0.5540677512436588,0.4843226841650466,0.9476198718038252,0.2286628364440368,0,5,13,1,10.0,0,0,5,8,2,11.333333333333334,0,1,1,0,0.2,0.4,2.6,1.6,True,True,True,False,False,False,False,True,False,False,False,False,False,False,True,False,False,False,False,False,False,False,False,False,True,False,False,Dropout,Dropout,True
0.2071731591606723,0.1809899919409327,-0.2816309974555224,-0.6939730878554988,0,7,10,7,13.128,0,0,8,13,6,13.193333333333332,0,0,1,0,1.0,0.75,1.4285714285714286,1.625,True,False,False,True,False,False,False,False,False,False,False,False,False,False,False,False,False,False,False,False,False,False,True,False,True,False,False,Graduate,,False
-0.5540677512436588,0.4843226841650466,1.7279869966707162,-0.6939730878554988,0,5,5,5,14.6,0,0,5,8,5,12.0,0,0,1,0,1.0,1.0,1.0,1.6,True,False,False,False,False,False,False,False,False,False,False,False,False,False,True,False,False,False,True,False,False,False,False,False,True,True,False,Graduate,,False
-0.5540677512436588,-0.8048412577874374,-1.6282822306328992,-0.562167955812708,0,5,6,5,14.4,0,0,5,6,5,13.0,0,0,1,0,1.0,1.0,1.2,1.2,True,False,False,True,False,False,False,False,False,False,False,False,False,False,False,False,False,True,False,False,False,False,False,False,True,False,False,Graduate,Graduate,True
-0.5540677512436588,2.076819318341645,0.8302195078857985,-0.6939730878554988,0,6,8,5,12.2,0,0,6,13,0,0.0,0,0,1,0,0.8333333333333334,0.0,1.3333333333333333,2.1666666666666665,True,False,False,False,False,True,False,False,False,False,False,False,False,False,True,False,False,False,False,False,False,False,True,False,True,True,False,Dropout,,False
0.2071731591606723,0.2568231649969612,-0.1987601523369154,-0.2985576917271264,0,8,8,0,0.0,8,0,8,8,0,0.0,8,0,1,0,0.0,0.0,1.0,1.0,True,True,False,True,False,False,False,True,False,False,False,False,False,False,False,False,False,False,False,False,False,False,False,False,True,True,False,Enrolled,,False
-0.5540677512436588,0.0369069631344782,-1.863082958468955,-0.4303628237699172,0,7,10,7,12.857142857142858,0,0,7,7,4,12.75,0,0,0,0,1.0,0.5714285714285714,1.4285714285714286,1.0,True,True,False,False,True,False,False,True,False,False,True,False,True,False,False,True,False,False,True,False,False,False,False,False,True,False,True,Enrolled,,False
-0.5540677512436588,0.0369069631344782,0.8992785454846383,0.096857704401246,0,6,10,6,14.88888888888889,0,0,6,11,6,13.727272727272728,0,1,1,1,1.0,1.0,1.6666666666666667,1.8333333333333333,True,True,False,False,False,True,False,True,False,False,False,False,False,False,False,True,False,False,False,True,False,False,False,True,True,False,False,Enrolled,,False
-0.5540677512436588,-1.0323407769555228,-1.131057159921253,-0.4303628237699172,0,7,9,6,11.833333333333334,0,0,7,7,6,14.333333333333334,0,0,0,0,0.8571428571428571,0.8571428571428571,1.2857142857142858,1.0,True,False,False,False,False,True,False,False,False,False,True,False,True,False,False,True,False,False,False,True,False,False,False,False,True,False,False,Enrolled,Dropout,False
-0.5540677512436588,0.0369069631344782,-1.863082958468955,1.546714156871945,11,16,16,16,12.6875,0,11,13,13,13,12.0,0,1,1,0,1.0,1.0,1.0,1.0,False,False,True,False,False,True,False,True,False,False,False,False,False,False,False,False,True,False,False,False,True,False,False,False,True,True,False,Graduate,,False
0.2071731591606723,-0.1223427002831811,0.4020534747729922,-0.562167955812708,0,6,7,6,14.428571428571429,0,0,6,7,6,14.571428571428571,0,0,0,0,1.0,1.0,1.1666666666666667,1.1666666666666667,True,True,False,False,False,True,False,False,False,False,True,False,False,False,False,True,False,False,False,True,False,False,True,False,True,False,False,Graduate,,False
2.490895890373665,0.0293236458288757,0.1534409394171673,-0.562167955812708,0,5,9,2,11.0,0,0,5,12,2,10.0,0,0,1,0,0.4,0.4,1.8,2.4,True,False,False,False,False,False,False,False,False,False,False,False,False,False,True,False,False,False,True,False,False,False,True,False,True,False,False,Dropout,,False
-0.5540677512436588,0.5601558572210751,1.071926139481738,-0.6939730878554988,0,6,6,6,13.333333333333334,0,0,6,9,5,13.2,0,0,1,0,1.0,0.8333333333333334,1.0,1.5,True,False,False,False,False,True,False,False,False,False,False,False,False,False,False,False,False,False,False,False,False,False,True,False,True,False,False,Graduate,,False
-0.5540677512436588,0.5601558572210751,0.8992785454846383,-0.4303628237699172,0,6,11,5,13.833333333333334,0,0,6,13,6,12.3,0,0,1,0,0.8333333333333334,1.0,1.8333333333333333,2.1666666666666665,True,True,False,False,False,True,True,False,False,True,False,False,False,False,False,False,False,False,False,True,False,False,False,False,True,True,False,Enrolled,,False
-0.5540677512436588,-2.473171065020064,2.280459297461435,0.096857704401246,0,8,15,6,12.415,0,0,8,15,6,12.415,0,1,1,0,0.75,0.75,1.875,1.875,True,False,False,True,False,False,False,True,False,False,False,False,False,False,False,False,False,False,False,False,False,False,True,False,True,True,False,Graduate,,False
0.9684140695650034,-0.1223427002831811,-0.5923966666503017,-0.6939730878554988,0,5,10,0,0.0,0,0,5,10,2,11.5,4,0,1,0,0.0,0.4,2.0,2.0,True,True,False,False,True,False,False,False,False,False,False,False,False,False,False,False,False,False,False,False,False,False,False,False,True,False,False,Dropout,,False
-0.5540677512436588,-0.9565076038994944,-0.4819022064921583,1.6785192889147356,6,10,15,4,13.0,0,5,9,10,4,13.75,0,1,1,0,0.4,0.4444444444444444,1.5,1.1111111111111112,True,False,True,False,False,True,True,False,True,False,False,False,False,False,False,False,False,False,False,True,False,False,False,False,True,False,False,Dropout,,False
0.2071731591606723,0.1051568188849042,0.0498523830189085,-0.6939730878554988,1,6,8,6,11.714285714285714,1,0,6,11,4,11.333333333333334,0,0,1,1,1.0,0.6666666666666666,1.3333333333333333,1.8333333333333333,True,False,False,False,False,True,False,False,False,False,False,False,False,False,False,True,False,False,False,True,False,False,True,False,False,False,False,Dropout,,False
-0.5540677512436588,-0.9565076038994944,-0.4819022064921583,-0.2985576917271264,0,6,14,5,11.5,1,0,6,13,5,11.0,1,0,1,0,0.8333333333333334,0.8333333333333334,2.333333333333333,2.1666666666666665,True,False,False,False,False,True,False,True,False,False,False,False,False,False,False,False,False,False,False,False,False,False,True,False,True,False,False,Dropout,,False
-0.5540677512436588,-1.259840296123608,-1.0965276411218332,-0.2985576917271264,0,0,0,0,0.0,0,0,0,0,0,0.0,0,0,1,0,0.0,0.0,0.0,0.0,True,True,False,False,False,True,False,False,False,False,False,False,False,False,True,False,False,False,False,True,False,False,False,False,True,False,False,Dropout,,False
1.7296549799693344,0.0369069631344782,-1.448728732875916,0.096857704401246,0,5,11,2,10.5,0,0,5,14,1,11.0,0,1,1,0,0.4,0.2,2.2,2.8,True,False,False,False,False,False,False,False,False,False,False,False,False,False,True,False,False,False,False,False,False,False,True,False,True,False,False,Enrolled,,False
-0.5540677512436588,-0.425675392507295,-0.3575959388142468,-0.6939730878554988,0,6,12,4,13.5,0,0,6,14,3,10.666666666666666,0,0,1,1,0.6666666666666666,0.5,2.0,2.333333333333333,True,False,False,False,False,True,False,False,False,False,False,False,False,False,True,False,False,False,False,False,False,False,True,True,True,False,False,Enrolled,,False
1.7296549799693344,-0.9565076038994944,-0.6959852230485615,-0.6939730878554988,0,5,9,1,13.0,0,0,5,5,0,0.0,0,0,0,0,0.2,0.0,1.8,1.0,True,True,False,False,True,False,False,False,False,False,True,False,False,False,False,True,False,False,True,False,False,False,False,False,True,False,False,Dropout,,False
-0.5540677512436588,0.5601558572210751,-0.4819022064921583,1.0194936287007816,0,4,4,0,0.0,0,0,5,5,0,0.0,0,1,1,1,0.0,0.0,1.0,1.0,True,True,False,False,True,False,False,True,False,False,False,False,False,False,False,False,False,True,False,False,False,True,False,True,False,False,False,Dropout,,False
0.9684140695650034,0.0293236458288757,-0.5026199177718101,-0.2985576917271264,0,5,13,5,12.2,2,0,5,10,3,11.333333333333334,1,0,1,0,1.0,0.6,2.6,2.0,False,False,False,True,False,False,False,False,False,False,False,False,False,False,True,False,False,False,False,False,False,False,True,False,True,False,False,Enrolled,,False
0.2071731591606723,0.7876553763891605,1.3274445785974445,-0.6939730878554988,0,6,7,5,13.2,0,0,6,6,5,11.8,0,0,1,0,0.8333333333333334,0.8333333333333334,1.1666666666666667,1.0,True,True,False,False,False,True,True,False,False,False,False,False,False,False,True,False,False,False,False,False,False,False,True,False,True,False,False,Graduate,,False
-0.5540677512436588,0.5601558572210751,0.2086881694962399,0.2286628364440368,0,6,8,0,0.0,0,0,6,10,0,0.0,0,1,0,0,0.0,0.0,1.3333333333333333,1.6666666666666667,True,True,False,False,False,True,False,True,False,False,False,False,True,False,True,False,False,False,True,False,False,False,False,False,True,False,False,Dropout,,False
-0.5540677512436588,-0.8048412577874374,-0.4888081102520419,-0.2985576917271264,0,5,6,5,11.4,0,0,5,6,5,12.2,0,0,1,0,1.0,1.0,1.2,1.2,True,False,False,False,False,False,False,False,False,False,False,False,False,False,True,False,False,False,False,False,False,False,False,False,True,True,False,Graduate,,False
-0.5540677512436588,-0.6531749116753804,-0.0123007508200476,-0.4303628237699172,0,5,8,5,12.333333333333334,0,0,5,7,5,12.2,0,0,1,0,1.0,1.0,1.6,1.4,True,False,False,False,False,False,False,False,False,False,False,False,False,False,False,False,False,False,False,False,False,False,True,False,True,False,False,Graduate,,False
-0.5540677512436588,-0.1981758733392096,0.2086881694962399,-0.4303628237699172,0,6,11,4,12.0,0,0,6,9,4,10.75,0,0,1,0,0.6666666666666666,0.6666666666666666,1.8333333333333333,1.5,True,False,False,False,False,True,True,False,False,True,False,False,False,False,True,False,False,False,False,False,False,False,True,False,True,True,False,Enrolled,,False
-0.5540677512436588,-0.9565076038994944,-0.8202914907264739,-0.6939730878554988,0,6,11,4,12.0,0,0,6,8,4,10.75,0,0,1,0,0.6666666666666666,0.6666666666666666,1.8333333333333333,1.3333333333333333,True,False,False,False,False,True,False,False,False,False,False,False,False,False,True,False,False,False,False,False,False,False,False,False,True,True,False,Enrolled,,False
-0.5540677512436588,-0.7290080847314089,-0.1297011147380756,-0.562167955812708,0,6,12,4,11.0,0,0,6,6,4,12.5,0,0,1,0,0.6666666666666666,0.6666666666666666,2.0,1.0,True,False,False,False,False,False,False,False,False,False,False,False,False,False,True,False,False,False,True,False,False,False,False,False,True,False,False,Enrolled,,False
1.7296549799693344,0.1809899919409327,0.1396291318974001,-0.2985576917271264,0,7,0,0,0.0,0,0,7,0,0,0.0,0,0,1,0,0.0,0.0,0.0,0.0,True,False,False,True,False,False,False,False,False,False,False,False,False,False,False,True,False,False,False,False,False,False,True,False,True,False,False,Dropout,,False
-0.5540677512436588,0.4084895111090181,1.051208428202085,-0.6939730878554988,0,5,7,5,13.8,0,0,5,5,5,12.6,0,0,1,0,1.0,1.0,1.4,1.0,True,False,False,True,False,False,False,False,False,False,False,False,False,False,True,False,False,False,False,False,False,False,True,False,True,False,False,Graduate,,False
-0.5540677512436588,-0.1981758733392096,1.928258205707352,1.546714156871945,0,6,8,5,16.166666666666668,0,0,6,10,4,16.0,0,1,0,1,0.8333333333333334,0.6666666666666666,1.3333333333333333,1.6666666666666667,True,True,False,False,False,True,False,True,False,False,True,False,False,False,False,True,False,False,True,False,False,False,False,True,False,False,False,Dropout,,False
1.7296549799693344,0.1809899919409327,0.0015110566997204,-0.6939730878554988,0,7,7,7,14.424285714285714,0,0,8,8,8,13.9375,0,0,1,0,1.0,1.0,1.0,1.0,True,False,False,True,False,False,False,False,False,False,False,False,False,False,True,False,False,False,True,False,False,False,True,False,True,False,False,Graduate,,False
-0.5540677512436588,0.0369069631344782,-1.863082958468955,3.2601808734282254,0,6,13,3,10.0,0,0,6,15,1,10.0,0,1,1,0,0.5,0.1666666666666666,2.1666666666666665,2.5,True,True,False,False,False,False,False,True,False,False,False,False,False,False,False,False,False,True,False,False,False,True,False,False,True,False,False,Dropout,,False
0.2071731591606723,-0.5015085655633235,-1.863082958468955,-0.1667525596843355,0,5,11,0,0.0,0,0,5,7,1,10.0,1,0,1,0,0.0,0.2,2.2,1.4,True,True,False,False,False,False,False,True,False,False,False,False,False,False,False,True,False,False,False,True,False,False,True,False,True,False,False,Dropout,,False
2.490895890373665,-0.9565076038994944,0.0015110566997204,-0.6939730878554988,0,6,10,6,11.666666666666666,0,0,6,10,4,12.25,0,0,1,0,1.0,0.6666666666666666,1.6666666666666667,1.6666666666666667,True,False,False,False,False,False,False,False,False,False,False,False,False,False,False,False,False,False,False,False,False,False,True,False,True,True,False,Graduate,,False
-0.5540677512436588,1.2426544147253311,1.4241272312358206,-0.4303628237699172,0,6,14,6,13.923076923076923,0,0,6,9,6,14.25,0,0,1,0,1.0,1.0,2.333333333333333,1.5,True,False,False,True,False,False,False,False,False,False,False,False,False,False,True,False,False,False,False,False,False,False,True,False,True,False,False,Graduate,,False
3.2521368007779965,0.2568231649969612,-0.2540073824159871,-0.6939730878554988,0,8,8,0,0.0,8,0,8,8,0,0.0,8,0,1,1,0.0,0.0,1.0,1.0,True,False,False,True,False,False,False,False,False,False,False,False,False,False,True,False,False,False,True,False,False,False,False,False,False,False,False,Dropout,,False
1.7296549799693344,0.0293236458288757,-0.4059372651334349,-0.6939730878554988,0,6,7,6,13.666666666666666,0,0,6,9,5,15.4,0,0,0,0,1.0,0.8333333333333334,1.1666666666666667,1.5,True,False,False,False,False,False,False,False,False,False,False,False,True,False,True,False,False,False,False,False,False,False,True,False,True,False,False,Graduate,,False
3.2521368007779965,-0.3498422194512666,-0.7236088380880977,-0.6939730878554988,0,5,9,3,11.666666666666666,0,0,5,15,2,11.0,0,0,1,0,0.6,0.4,1.8,3.0,True,False,False,False,False,False,False,False,False,False,False,False,False,False,False,False,False,False,False,False,False,False,False,False,True,False,False,Enrolled,Graduate,False
-0.5540677512436588,0.0369069631344782,-1.863082958468955,1.0194936287007816,0,7,7,0,0.0,0,0,7,7,0,0.0,0,1,1,0,0.0,0.0,1.0,1.0,True,True,False,True,False,False,False,True,False,False,False,False,False,False,False,False,False,False,False,False,False,False,False,False,True,False,False,Dropout,,False
-0.5540677512436588,-0.1981758733392096,-0.5509612440909982,4.182816797727761,0,5,5,0,0.0,0,0,5,5,0,0.0,0,1,1,1,0.0,0.0,1.0,1.0,False,True,True,False,False,False,False,True,False,True,False,False,False,False,False,False,False,True,False,False,False,True,True,False,False,False,False,Dropout,,False
3.2521368007779965,0.4084895111090181,-0.1573247297776109,-0.6939730878554988,0,7,0,0,0.0,0,0,8,0,0,0.0,0,0,0,0,0.0,0.0,0.0,0.0,True,True,False,True,False,False,False,False,False,False,True,False,False,False,False,True,False,False,False,True,False,False,True,False,True,False,False,Dropout,,False
2.490895890373665,0.5601558572210751,0.2846531108549633,-0.6939730878554988,0,7,7,7,13.19,0,0,8,8,8,14.23125,0,0,1,0,1.0,1.0,1.0,1.0,True,False,False,True,False,False,False,False,False,False,False,False,False,False,True,False,False,False,False,True,False,False,True,False,True,False,False,Graduate,,False
1.7296549799693344,-0.577341738619352,-0.3023487087351751,-0.6939730878554988,0,6,9,5,11.833333333333334,0,0,6,8,2,11.5,0,0,1,0,0.8333333333333334,0.3333333333333333,1.5,1.3333333333333333,True,False,False,False,False,True,False,False,False,False,False,False,False,False,True,False,False,False,True,False,False,False,True,False,True,False,False,Enrolled,,False
0.2071731591606723,0.5601558572210751,0.3813357634933395,-0.6939730878554988,0,7,7,6,14.316666666666668,0,0,7,7,6,14.316666666666668,0,0,1,0,0.8571428571428571,0.8571428571428571,1.0,1.0,True,False,False,True,False,False,False,False,False,False,False,False,False,False,False,False,False,False,False,False,False,False,True,False,True,False,False,Graduate,,False
-0.5540677512436588,-0.0465095272271526,0.008416960459604,-0.4303628237699172,0,6,9,6,12.333333333333334,0,0,6,6,6,11.833333333333334,0,0,1,0,1.0,1.0,1.5,1.0,True,False,False,False,False,True,False,False,False,False,False,False,False,False,False,False,False,False,False,False,False,False,True,False,True,True,False,Graduate,Graduate,True
-0.5540677512436588,-0.1223427002831811,0.5194538386910192,-0.562167955812708,0,6,7,6,15.0,0,0,6,8,6,14.333333333333334,0,0,1,0,1.0,1.0,1.1666666666666667,1.3333333333333333,True,False,False,False,False,True,False,False,False,False,False,False,False,False,False,False,False,False,False,True,False,False,True,False,True,True,False,Graduate,,False
-0.5540677512436588,0.5601558572210751,0.3468062446939196,-0.562167955812708,0,6,10,5,11.571428571428571,0,0,6,10,3,13.0,0,0,1,0,0.8333333333333334,0.5,1.6666666666666667,1.6666666666666667,True,True,False,False,False,True,False,False,False,False,False,False,False,False,False,False,False,False,False,False,False,False,False,False,True,False,False,Dropout,,False
-0.5540677512436588,0.5601558572210751,0.4158652822927594,1.2831038927863632,3,9,11,9,12.8,0,2,7,9,7,11.428571428571429,0,1,1,0,1.0,1.0,1.2222222222222223,1.2857142857142858,False,True,False,False,False,False,False,False,False,False,False,False,False,False,True,False,False,False,False,False,False,False,False,False,True,False,False,Graduate,,False
0.2071731591606723,0.3326563380529896,-0.1297011147380756,-0.6939730878554988,0,6,10,4,11.75,0,0,6,9,5,11.2,0,0,1,0,0.6666666666666666,0.8333333333333334,1.6666666666666667,1.5,True,False,False,False,False,False,False,False,False,False,False,False,False,False,False,False,False,False,False,False,False,False,True,False,True,False,False,Enrolled,,False
3.2521368007779965,-0.425675392507295,-0.4680903989723902,-0.562167955812708,0,7,7,7,12.765714285714289,0,0,8,9,8,13.544444444444444,0,0,1,0,1.0,1.0,1.0,1.125,True,False,False,True,False,False,False,False,False,False,False,False,False,False,False,True,False,False,False,True,False,False,True,False,True,True,False,Graduate,,False
-0.5540677512436588,0.0369069631344782,-0.4819022064921583,0.6240782325724092,7,13,13,7,10.285714285714286,0,5,11,13,5,10.6,0,1,1,0,0.5384615384615384,0.4545454545454545,1.0,1.181818181818182,True,True,True,False,False,False,False,True,False,True,False,False,False,False,False,False,False,False,False,False,False,False,False,False,True,False,False,Dropout,,False
-0.5540677512436588,2.076819318341645,2.280459297461435,-0.1667525596843355,0,6,8,6,13.125,0,0,6,10,6,13.0,0,0,1,0,1.0,1.0,1.3333333333333333,1.6666666666666667,True,True,False,False,False,True,True,False,False,True,False,False,False,False,False,False,False,False,False,False,False,False,False,False,True,True,False,Graduate,,False
2.490895890373665,0.8634885494451889,0.257029495815427,-0.6939730878554988,0,7,8,7,14.85,0,0,8,9,8,15.61111111111111,0,0,1,0,1.0,1.0,1.1428571428571428,1.125,True,False,False,True,False,False,False,False,False,False,False,False,False,False,False,False,False,False,True,False,False,False,True,False,True,True,False,Graduate,,False
-0.5540677512436588,-0.577341738619352,0.3468062446939196,-0.6939730878554988,1,6,10,5,12.2,1,0,6,11,4,10.833333333333334,0,0,1,1,0.8333333333333334,0.6666666666666666,1.6666666666666667,1.8333333333333333,True,False,False,False,False,True,False,False,False,False,False,False,False,False,True,False,False,False,True,False,False,False,False,False,False,False,False,Enrolled,Enrolled,True
-0.5540677512436588,0.4084895111090181,-0.0123007508200476,-0.6939730878554988,0,5,6,4,11.75,0,0,5,10,5,12.571428571428571,1,0,1,0,0.8,1.0,1.2,2.0,True,True,False,True,False,False,False,False,False,False,False,False,False,False,False,False,False,False,False,False,False,False,True,False,True,False,False,Graduate,,False
-0.5540677512436588,0.5601558572210751,0.8992785454846383,0.096857704401246,0,8,8,8,13.385,0,0,8,8,8,13.385,0,1,0,0,1.0,1.0,1.0,1.0,True,False,False,True,False,False,False,True,False,False,True,False,True,False,False,True,False,False,False,True,False,False,True,False,True,False,False,Graduate,Enrolled,False
3.2521368007779965,0.6359890302771035,0.0981937093380966,-0.6939730878554988,0,6,8,5,13.0,0,0,6,8,5,11.4,0,0,1,1,0.8333333333333334,0.8333333333333334,1.3333333333333333,1.3333333333333333,True,False,False,False,False,True,False,False,False,False,False,False,False,False,False,False,False,False,False,False,False,False,True,True,False,False,False,Dropout,Graduate,False
-0.5540677512436588,-0.1981758733392096,-0.6338320892096062,-0.2985576917271264,0,5,8,3,13.0,0,0,5,7,4,11.5,1,0,1,0,0.6,0.8,1.6,1.4,True,False,False,False,False,False,False,False,False,False,False,False,False,False,False,False,True,False,False,False,True,False,True,False,True,False,False,Graduate,,False
-0.5540677512436588,0.5601558572210751,0.3329944371741524,1.546714156871945,0,5,6,4,14.2,0,0,5,10,4,11.857142857142858,0,1,1,0,0.8,0.8,1.2,2.0,False,False,False,False,False,False,False,True,False,False,False,False,False,False,False,False,False,False,False,False,False,False,False,False,True,False,False,Enrolled,,False
-0.5540677512436588,-0.9565076038994944,-1.3106106576782364,1.8103244209575264,1,7,9,6,11.857142857142858,0,1,6,7,5,12.0,0,1,1,0,0.8571428571428571,0.8333333333333334,1.2857142857142858,1.1666666666666667,True,True,True,False,False,True,False,True,False,False,False,False,False,False,False,False,False,False,False,False,False,False,False,False,True,True,False,Graduate,,False
-0.5540677512436588,-0.1223427002831811,0.0015110566997204,-0.562167955812708,0,8,8,7,12.514285714285714,0,0,8,8,7,12.514285714285714,0,0,1,0,0.875,0.875,1.0,1.0,True,True,False,True,False,False,False,False,False,False,False,False,False,False,False,False,False,False,False,False,False,False,False,False,True,True,False,Graduate,,False
-0.5540677512436588,-1.714839334459779,-1.2829870426387,1.414909024829154,0,5,5,0,0.0,0,0,5,6,0,0.0,0,1,1,0,0.0,0.0,1.0,1.2,True,False,False,False,True,False,False,True,False,False,False,False,False,False,False,False,False,True,False,False,False,True,True,False,True,False,False,Dropout,,False
-0.5540677512436588,-0.425675392507295,-0.3575959388142468,-0.562167955812708,0,5,8,5,11.6,0,0,5,10,4,13.5,3,0,0,0,1.0,0.8,1.6,2.0,True,True,False,False,False,False,False,False,False,False,False,False,True,False,False,False,False,False,False,False,False,False,False,False,True,False,False,Graduate,,False
1.7296549799693344,-0.0465095272271526,-0.1020774996985392,-0.562167955812708,0,7,8,6,13.579999999999998,0,0,8,8,8,12.93625,0,0,1,0,0.8571428571428571,1.0,1.1428571428571428,1.0,True,False,False,True,False,False,False,False,False,False,False,False,False,False,True,False,False,False,False,False,False,False,False,False,True,True,False,Graduate,,False
-0.5540677512436588,-2.473171065020064,-0.4819022064921583,0.3604679684868276,0,5,7,3,11.333333333333334,0,0,5,7,3,13.666666666666666,0,1,1,0,0.6,0.6,1.4,1.4,True,True,False,False,False,False,False,True,False,False,False,False,False,False,True,False,False,False,True,False,False,False,False,False,True,False,False,Dropout,,False
0.2071731591606723,0.5601558572210751,0.0567582867787921,-0.0349474276415447,0,5,7,3,10.666666666666666,1,0,5,7,3,11.333333333333334,0,0,1,0,0.6,0.6,1.4,1.4,True,True,False,False,False,False,False,False,False,False,False,False,False,False,False,False,False,False,True,False,False,False,True,False,True,False,False,Dropout,,False
-0.5540677512436588,-2.473171065020064,-0.4335608801729703,0.6240782325724092,0,5,9,4,11.25,0,0,5,7,4,13.0,0,1,1,0,0.8,0.8,1.8,1.4,True,False,True,False,False,False,False,True,False,False,False,False,False,False,True,False,False,False,True,False,False,False,False,False,True,False,False,Enrolled,,False
-0.5540677512436588,0.7118222033331321,0.2294058807758927,-0.6939730878554988,0,7,7,6,13.683333333333332,0,0,7,7,6,13.683333333333332,0,0,1,0,0.8571428571428571,0.8571428571428571,1.0,1.0,False,False,False,True,False,False,False,False,False,False,False,False,False,False,True,False,False,False,True,False,False,False,False,False,True,False,False,Graduate,,False
-0.5540677512436588,0.2568231649969612,0.2086881694962399,-0.1667525596843355,2,6,13,4,11.5,0,2,6,12,2,12.5,0,0,0,0,0.6666666666666666,0.3333333333333333,2.1666666666666665,2.0,False,True,False,False,False,False,False,True,False,False,True,False,True,False,False,True,False,False,False,True,False,False,True,False,True,False,False,Dropout,,False
-0.5540677512436588,-0.3498422194512666,-0.1711365372973791,-0.562167955812708,0,5,10,3,10.666666666666666,0,0,5,9,2,14.0,2,0,1,0,0.6,0.4,2.0,1.8,True,True,False,False,True,False,False,False,False,False,False,False,False,False,False,False,False,False,False,False,False,False,True,False,True,False,False,Enrolled,,False
0.2071731591606723,-0.5015085655633235,0.2017822657363563,-0.562167955812708,0,6,6,6,13.666666666666666,0,0,6,7,5,13.2,0,0,1,0,1.0,0.8333333333333334,1.0,1.1666666666666667,True,True,False,False,False,True,False,False,False,False,False,False,False,False,False,False,False,False,False,False,False,False,True,False,True,True,False,Graduate,Graduate,True
1.7296549799693344,0.3326563380529896,-0.3921254576136667,-0.6939730878554988,0,8,8,7,15.07,0,0,8,8,7,15.07,0,0,1,0,0.875,0.875,1.0,1.0,True,True,False,True,False,False,False,False,False,False,False,False,False,False,True,False,False,False,False,True,False,False,True,False,True,True,False,Graduate,,False
-0.5540677512436588,-1.259840296123608,-0.7097970305683295,-0.2985576917271264,0,5,8,0,0.0,0,0,5,5,0,0.0,0,0,1,0,0.0,0.0,1.6,1.0,True,True,False,False,False,False,False,False,False,False,False,False,False,False,False,False,True,False,False,True,False,False,True,False,True,False,False,Dropout,,False
1.7296549799693344,0.1051568188849042,-0.454278591452622,-0.6939730878554988,0,6,6,6,12.333333333333334,0,0,6,6,6,13.5,0,0,1,0,1.0,1.0,1.0,1.0,True,False,False,False,False,True,False,False,False,False,False,False,False,False,False,True,False,False,False,True,False,False,True,False,True,True,False,Graduate,,False
-0.5540677512436588,0.0369069631344782,-0.8962564320851973,0.7558833646152,3,9,13,6,11.666666666666666,0,2,7,10,6,10.857142857142858,0,1,1,0,0.6666666666666666,0.8571428571428571,1.4444444444444444,1.4285714285714286,True,True,False,False,False,True,False,True,False,False,False,False,False,False,True,False,False,False,False,False,False,False,False,False,True,False,False,Dropout,,False
-0.5540677512436588,0.0369069631344782,0.5056420311712521,0.2286628364440368,0,6,15,1,11.0,0,0,6,13,4,11.75,0,1,1,0,0.1666666666666666,0.6666666666666666,2.5,2.1666666666666665,True,True,False,False,False,True,False,True,False,False,False,False,False,False,False,False,False,False,False,False,False,False,False,False,True,False,False,Dropout,,False
0.9684140695650034,-1.1081739500115513,-0.7650442606474013,-0.6939730878554988,0,6,7,6,12.142857142857142,0,0,6,8,6,11.333333333333334,0,0,1,0,1.0,1.0,1.1666666666666667,1.3333333333333333,True,True,False,False,False,False,False,False,False,False,False,False,False,False,True,False,False,False,True,False,False,False,True,False,True,True,False,Graduate,,False
-0.5540677512436588,0.0369069631344782,-0.8410092020061256,2.3375449491286897,0,6,10,5,12.833333333333334,0,0,6,6,6,12.333333333333334,0,1,1,0,0.8333333333333334,1.0,1.6666666666666667,1.0,False,False,True,False,False,True,False,True,False,False,False,False,False,False,False,False,False,False,False,False,False,False,False,False,True,True,False,Graduate,,False
-0.5540677512436588,-0.577341738619352,0.3260885334142669,-0.4303628237699172,3,6,6,4,12.75,0,3,9,12,3,12.666666666666666,0,0,1,0,0.6666666666666666,0.3333333333333333,1.0,1.3333333333333333,True,True,False,False,False,True,False,True,False,False,False,False,False,False,False,False,False,False,False,False,False,False,True,False,True,False,False,Dropout,,False
0.2071731591606723,-0.2740090463952381,-0.5509612440909982,-0.562167955812708,0,8,8,7,12.342857142857143,0,0,8,8,7,12.342857142857143,0,0,1,0,0.875,0.875,1.0,1.0,True,False,False,True,False,False,False,False,False,False,False,False,False,False,True,False,False,False,True,False,False,False,True,False,True,True,False,Graduate,,False
-0.5540677512436588,-0.577341738619352,-0.8617269132857774,-0.562167955812708,0,5,5,5,13.8,0,0,5,7,5,12.4,0,0,1,0,1.0,1.0,1.0,1.4,True,True,False,False,False,False,False,False,False,False,False,False,False,False,False,True,False,False,False,False,False,False,True,False,True,False,False,Graduate,Graduate,True
0.2071731591606723,-1.3356734691796368,-0.7305147418479814,-0.2985576917271264,0,6,9,6,11.375,0,0,6,9,6,13.285714285714286,0,0,1,0,1.0,1.0,1.5,1.5,True,False,False,False,False,True,False,False,False,False,False,False,False,False,False,False,False,False,False,False,False,False,True,False,True,False,False,Graduate,Dropout,False
1.7296549799693344,0.4084895111090181,0.5194538386910192,-0.6939730878554988,0,7,7,7,13.457142857142856,0,0,8,8,8,15.125,0,0,0,0,1.0,1.0,1.0,1.0,True,False,False,True,False,False,False,False,False,False,True,False,False,False,False,True,False,False,True,False,False,False,True,False,True,False,False,Graduate,,False
-0.5540677512436588,-0.1981758733392096,0.8992785454846383,3.5237911375138067,0,6,7,4,12.25,0,0,6,7,0,0.0,0,1,0,0,0.6666666666666666,0.0,1.1666666666666667,1.1666666666666667,False,True,False,False,False,True,False,True,False,False,False,False,True,False,False,False,False,False,False,True,False,False,False,False,True,False,False,Dropout,,False
1.7296549799693344,0.0293236458288757,-0.2609132861758707,-0.6939730878554988,0,5,5,5,13.6,0,0,5,6,5,14.6,0,0,0,0,1.0,1.0,1.0,1.2,True,True,False,False,True,False,False,False,False,False,True,False,False,False,False,False,False,False,False,True,False,False,True,False,True,False,False,Graduate,,False
-0.5540677512436588,-0.9565076038994944,1.2721973485183735,2.205739817085899,0,5,11,3,10.666666666666666,0,0,5,5,2,12.5,0,1,1,1,0.6,0.4,2.2,1.0,False,True,False,False,True,False,False,True,False,False,False,False,False,False,False,False,False,False,False,False,False,False,False,True,True,False,False,Dropout,,False
2.490895890373665,-0.5015085655633235,-0.7167029343282142,-0.562167955812708,0,6,9,5,11.6,0,0,6,12,5,12.2,0,0,1,0,0.8333333333333334,0.8333333333333334,1.5,2.0,True,False,False,False,False,False,False,False,False,False,False,False,False,False,True,False,False,False,False,False,False,False,True,False,True,False,False,Graduate,,False
-0.5540677512436588,2.8351510489019294,0.7818781815666114,1.2831038927863632,5,10,14,9,12.416666666666666,0,5,9,14,7,13.0,0,1,1,0,0.9,0.7777777777777778,1.4,1.5555555555555556,True,False,False,False,False,False,False,True,False,False,False,False,False,False,True,False,False,False,False,False,False,False,False,False,True,False,False,Graduate,,False
-0.5540677512436588,0.9393217225012176,1.1478910808404612,-0.562167955812708,5,12,12,10,12.7,0,4,11,16,10,12.272727272727272,0,0,0,1,0.8333333333333334,0.9090909090909092,1.0,1.4545454545454546,True,True,False,False,False,True,False,False,False,False,True,False,True,False,False,True,False,False,False,True,False,False,False,True,True,False,False,Enrolled,,False
0.9684140695650034,-0.8806744308434659,-1.0412804110427605,-0.4303628237699172,0,6,7,6,11.333333333333334,0,0,6,10,4,10.571428571428571,0,0,1,0,1.0,0.6666666666666666,1.1666666666666667,1.6666666666666667,True,True,False,False,False,False,False,False,False,False,False,False,False,False,True,False,False,False,True,False,False,False,True,False,True,True,False,Enrolled,,False
-0.5540677512436588,-0.9565076038994944,-1.863082958468955,0.096857704401246,0,6,11,1,10.0,0,0,6,6,0,0.0,6,1,1,0,0.1666666666666666,0.0,1.8333333333333333,1.0,True,False,True,False,False,True,False,True,False,False,False,False,False,False,False,False,False,False,False,False,False,False,True,False,True,False,False,Dropout,Graduate,False
-0.5540677512436588,-1.1081739500115513,-1.1034335448817167,-0.2985576917271264,0,6,6,6,12.5,0,0,6,6,6,12.666666666666666,0,0,1,0,1.0,1.0,1.0,1.0,True,False,False,False,False,True,False,False,False,False,False,False,False,False,False,False,False,False,False,True,False,False,True,False,True,False,False,Graduate,,False
0.9684140695650034,0.3326563380529896,-0.0330184620996994,-0.562167955812708,0,8,8,8,13.57625,0,0,8,8,8,13.57625,0,0,1,0,1.0,1.0,1.0,1.0,True,False,False,True,False,False,False,False,False,False,False,False,False,False,False,False,False,False,False,False,False,False,True,False,True,True,False,Graduate,,False
0.2071731591606723,0.0293236458288757,-0.3299723237747105,-0.4303628237699172,0,7,9,6,12.783333333333331,0,0,8,9,7,12.842857142857143,0,0,1,0,0.8571428571428571,0.875,1.2857142857142858,1.125,True,False,False,True,False,False,False,False,False,False,False,False,False,False,False,False,False,False,False,True,False,False,False,False,True,False,False,Graduate,,False
2.490895890373665,0.1051568188849042,0.1948763619764728,-0.6939730878554988,0,6,7,2,11.0,0,0,6,0,0,0.0,0,0,1,0,0.3333333333333333,0.0,1.1666666666666667,0.0,True,False,False,False,False,True,False,False,False,False,False,False,False,False,True,False,False,False,False,False,False,False,True,False,True,False,False,Dropout,,False
-0.5540677512436588,0.2568231649969612,0.6506660101288153,-0.562167955812708,0,7,8,7,12.8375,0,0,8,8,8,15.5,0,0,1,0,1.0,1.0,1.1428571428571428,1.0,True,False,False,True,False,False,False,False,False,False,False,False,False,False,True,False,False,False,False,False,False,False,False,False,True,True,False,Graduate,Dropout,False
-0.5540677512436588,-0.2740090463952381,0.7473486627671915,-0.4303628237699172,2,7,7,7,16.13142857142857,0,0,8,9,8,15.52222222222222,0,0,1,0,1.0,1.0,1.0,1.125,True,False,False,True,False,False,False,True,False,False,False,False,False,False,False,True,False,False,False,True,False,False,True,False,True,True,False,Graduate,,False
-0.5540677512436588,-1.3356734691796368,-0.7512324531276341,-0.6939730878554988,0,6,7,6,13.857142857142858,0,0,6,7,6,14.285714285714286,0,0,1,0,1.0,1.0,1.1666666666666667,1.1666666666666667,True,False,False,False,False,True,False,False,False,False,False,False,False,False,False,False,False,False,False,False,False,False,True,False,True,True,False,Graduate,,False
-0.5540677512436588,2.076819318341645,-1.1724925824805563,0.8876884966579909,0,5,8,2,11.0,0,0,5,6,4,11.5,0,1,1,0,0.4,0.8,1.6,1.2,False,True,False,False,False,False,False,True,False,False,False,False,False,False,False,False,False,False,False,False,False,False,False,False,True,False,False,Dropout,,False
-0.5540677512436588,0.5601558572210751,0.1465350356572837,-0.4303628237699172,6,11,11,11,12.818181818181818,0,6,11,11,11,13.545454545454543,0,0,1,0,1.0,1.0,1.0,1.0,True,False,False,False,False,True,False,True,False,True,False,False,False,False,True,False,False,False,False,False,False,False,True,False,True,True,False,Graduate,Dropout,False
0.2071731591606723,0.4084895111090181,-0.2747250936956388,-0.0349474276415447,0,6,10,5,12.8,0,0,6,9,3,11.666666666666666,0,0,1,0,0.8333333333333334,0.5,1.6666666666666667,1.5,True,False,False,False,False,True,False,False,False,False,False,False,False,False,False,False,False,False,True,False,False,False,True,False,True,False,False,Dropout,Graduate,False
-0.5540677512436588,0.5601558572210751,0.0705700942985603,1.1512987607435723,0,7,7,0,0.0,7,0,8,8,0,0.0,7,1,1,1,0.0,0.0,1.0,1.0,True,False,False,True,False,False,False,True,False,False,False,False,False,False,False,False,False,False,False,False,False,False,True,False,False,False,False,Dropout,,False
-0.5540677512436588,-0.1981758733392096,-1.1724925824805563,1.2831038927863632,0,6,7,6,11.0,0,0,6,11,5,11.0,0,1,1,0,1.0,0.8333333333333334,1.1666666666666667,1.8333333333333333,False,False,True,False,False,True,False,True,False,False,False,False,False,False,False,False,False,False,False,False,False,False,True,False,True,False,False,Graduate,Dropout,False
-0.5540677512436588,-0.9565076038994944,-0.4819022064921583,0.4922731005296184,0,6,8,6,11.833333333333334,0,0,6,10,5,12.8,0,1,1,0,1.0,0.8333333333333334,1.3333333333333333,1.6666666666666667,True,False,True,False,False,True,False,True,False,False,False,False,False,False,False,False,False,False,False,False,False,False,False,False,True,True,False,Graduate,Enrolled,False
-0.5540677512436588,0.7876553763891605,0.8992785454846383,1.0194936287007816,0,7,8,6,12.666666666666666,0,0,7,9,5,12.6,0,1,1,1,0.8571428571428571,0.7142857142857143,1.1428571428571428,1.2857142857142858,False,False,False,False,False,True,False,True,False,False,False,False,False,False,False,False,False,False,False,False,False,False,False,True,False,False,False,Dropout,Graduate,False
-0.5540677512436588,0.5601558572210751,1.1064556582811578,-0.562167955812708,3,6,6,6,13.333333333333334,0,2,6,6,6,14.666666666666666,0,0,1,0,1.0,1.0,1.0,1.0,True,False,False,False,False,True,True,False,False,True,False,False,False,False,False,False,False,False,False,False,False,False,False,False,True,False,False,Graduate,Dropout,False
-0.5540677512436588,1.2426544147253311,2.011129050825959,0.7558833646152,0,6,6,0,0.0,0,0,6,8,0,0.0,0,1,1,1,0.0,0.0,1.0,1.3333333333333333,False,True,False,False,False,True,False,True,False,False,False,False,False,False,True,False,False,False,True,False,False,False,True,False,False,False,False,Dropout,Dropout,True
-0.5540677512436588,-0.1223427002831811,0.3260885334142669,-0.6939730878554988,0,6,0,0,0.0,0,0,6,0,0,0.0,0,0,1,1,0.0,0.0,0.0,0.0,True,False,False,False,False,False,False,False,False,False,False,False,False,False,True,False,False,False,False,False,False,False,True,False,False,False,False,Dropout,,False
-0.5540677512436588,2.8351510489019294,1.645116151552109,0.4922731005296184,0,6,13,2,11.0,0,0,6,14,1,11.0,0,1,1,0,0.3333333333333333,0.1666666666666666,2.1666666666666665,2.333333333333333,True,False,False,False,False,True,False,False,False,False,False,False,False,False,False,False,True,False,False,False,True,False,True,False,True,False,False,Dropout,,False
-0.5540677512436588,2.6834847027898725,1.9420700132271196,-0.6939730878554988,0,0,0,0,0.0,0,0,0,0,0,0.0,0,0,1,1,0.0,0.0,0.0,0.0,True,True,False,False,False,True,False,False,False,False,False,False,False,False,False,False,False,False,False,False,False,False,True,True,False,True,False,Graduate,,False
0.9684140695650034,1.0909880686132745,0.540171549970672,-0.6939730878554988,0,7,7,6,14.016666666666666,0,0,7,7,6,14.016666666666666,0,0,1,0,0.8571428571428571,0.8571428571428571,1.0,1.0,True,False,False,True,False,False,False,False,False,False,False,False,False,False,False,False,False,False,True,False,False,False,True,False,True,False,False,Graduate,Graduate,True
-0.5540677512436588,0.0369069631344782,-0.4128431688933185,-0.2985576917271264,0,6,9,5,11.833333333333334,0,0,6,8,5,10.0,0,0,1,1,0.8333333333333334,0.8333333333333334,1.5,1.3333333333333333,True,True,False,False,False,False,False,False,False,False,False,False,False,False,False,False,False,False,False,False,False,False,False,True,False,False,False,Dropout,,False
0.9684140695650034,-1.1081739500115513,-1.1724925824805563,-0.562167955812708,0,6,6,6,12.0,0,0,6,7,6,13.571428571428571,0,0,0,1,1.0,1.0,1.0,1.1666666666666667,True,True,False,False,False,True,False,False,False,False,True,False,True,False,False,True,False,False,False,True,False,False,True,True,True,False,False,Graduate,,False
-0.5540677512436588,0.1051568188849042,0.4503948010921794,-0.4303628237699172,0,7,8,7,11.9725,0,0,8,8,8,12.65125,0,0,1,0,1.0,1.0,1.1428571428571428,1.0,True,True,False,True,False,False,False,False,False,False,False,False,False,False,False,False,False,False,False,False,False,False,True,False,True,True,False,Graduate,,False
-0.5540677512436588,0.5601558572210751,0.8992785454846383,-0.2985576917271264,0,6,12,5,12.142857142857142,0,0,6,11,5,11.666666666666666,0,0,0,0,0.8333333333333334,0.8333333333333334,2.0,1.8333333333333333,True,True,False,False,False,True,True,False,False,True,True,False,False,False,True,False,False,False,False,False,False,False,False,False,True,False,False,Graduate,Graduate,True
-0.5540677512436588,3.593482779462214,3.661640049438232,0.8876884966579909,0,5,6,4,14.5,0,0,5,10,3,16.2,0,1,0,1,0.8,0.6,1.2,2.0,True,True,False,False,True,False,True,False,True,False,True,False,True,False,False,True,False,False,False,False,False,False,False,True,True,False,False,Enrolled,,False
0.2071731591606723,-1.714839334459779,-0.9791272772038052,0.3604679684868276,0,7,7,0,0.0,0,0,8,8,0,0.0,6,1,1,0,0.0,0.0,1.0,1.0,False,False,False,True,False,False,False,True,False,False,False,False,False,False,False,False,False,False,False,False,False,False,False,False,True,True,False,Enrolled,,False
0.9684140695650034,0.6359890302771035,-0.0951715959386556,-0.562167955812708,0,6,8,6,11.333333333333334,0,0,6,6,6,11.833333333333334,0,0,1,0,1.0,1.0,1.3333333333333333,1.0,True,False,False,False,False,True,False,False,False,False,False,False,False,False,False,False,False,False,False,False,False,False,True,False,True,True,False,Graduate,,False
-0.5540677512436588,-0.9565076038994944,1.7556106117102526,0.4922731005296184,0,5,5,5,15.2,0,0,5,6,5,14.166666666666666,0,1,1,0,1.0,1.0,1.0,1.2,True,True,True,False,False,False,False,True,False,False,False,False,False,False,True,False,False,False,True,False,False,False,False,False,True,False,False,Graduate,,False
0.2071731591606723,-1.1840071230675795,-1.0274686035229934,-0.4303628237699172,0,7,9,5,13.188,0,0,8,9,7,12.892857142857142,0,0,1,0,0.7142857142857143,0.875,1.2857142857142858,1.125,True,False,False,True,False,False,False,False,False,False,False,False,False,False,True,False,False,False,False,False,False,False,False,False,True,True,False,Enrolled,Graduate,False
-0.5540677512436588,2.076819318341645,1.969693628266656,-0.6939730878554988,0,6,7,6,12.833333333333334,0,0,6,6,6,12.166666666666666,0,0,1,0,1.0,1.0,1.1666666666666667,1.0,True,False,False,False,False,True,False,False,False,False,False,False,False,False,False,False,False,False,False,False,False,False,True,False,True,True,False,Graduate,,False
-0.5540677512436588,0.0369069631344782,-1.3796696952770762,-0.562167955812708,0,6,11,5,10.6,0,0,6,10,6,11.714285714285714,0,0,1,0,0.8333333333333334,1.0,1.8333333333333333,1.6666666666666667,True,False,False,False,False,True,False,False,False,False,False,False,False,False,True,False,False,False,False,False,False,False,True,False,True,False,False,Dropout,,False
-0.5540677512436588,-0.8048412577874374,-0.702891126808446,-0.2985576917271264,0,5,8,4,11.5,0,0,5,5,5,12.8,0,0,1,0,0.8,1.0,1.6,1.0,True,False,False,False,False,False,False,False,False,False,False,False,False,False,False,True,False,False,True,False,False,False,True,False,True,False,False,Graduate,Dropout,False
-0.5540677512436588,-0.9565076038994944,2.971049673449833,1.414909024829154,0,5,12,2,11.5,0,0,5,9,4,11.75,0,1,1,0,0.4,0.8,2.4,1.8,False,False,True,False,False,False,False,True,False,False,False,False,False,False,False,False,False,False,False,False,False,False,False,False,True,False,False,Enrolled,,False
-0.5540677512436588,-0.9565076038994944,0.2086881694962399,0.7558833646152,0,5,8,5,15.333333333333334,2,0,5,6,5,15.4,0,1,1,0,1.0,1.0,1.6,1.2,False,False,False,True,False,False,False,True,False,False,False,False,False,False,False,True,False,False,True,False,False,False,False,False,True,False,False,Dropout,,False
-0.5540677512436588,0.7876553763891605,1.0097730056427816,-0.562167955812708,6,12,12,11,13.090909090909092,0,5,11,12,11,12.083333333333334,0,0,1,0,0.9166666666666666,1.0,1.0,1.0909090909090908,True,False,False,False,False,True,False,False,False,False,False,False,False,False,False,False,False,False,True,False,False,False,False,False,True,True,False,Graduate,,False
-0.5540677512436588,0.7118222033331321,0.4365829935724122,-0.562167955812708,0,0,0,0,0.0,0,0,0,0,0,0.0,0,0,1,0,0.0,0.0,0.0,0.0,True,False,False,False,False,True,False,False,False,False,False,False,False,False,False,True,False,False,False,True,False,False,True,False,True,False,False,Graduate,,False
-0.5540677512436588,-0.7290080847314089,-0.9031623358450808,-0.6939730878554988,0,6,8,6,12.5,0,0,6,6,6,12.333333333333334,0,0,0,0,1.0,1.0,1.3333333333333333,1.0,True,False,False,False,False,True,False,False,False,False,True,False,False,False,False,True,False,False,False,False,False,False,False,False,True,False,False,Enrolled,Dropout,False
-0.5540677512436588,0.0369069631344782,1.2445737334788374,-0.2985576917271264,0,5,6,4,12.25,0,0,5,8,4,11.8,0,0,1,0,0.8,0.8,1.2,1.6,True,False,True,False,False,False,False,False,False,False,False,False,False,False,True,False,False,False,True,False,False,False,False,False,True,True,False,Enrolled,,False
-0.5540677512436588,0.5601558572210751,0.8992785454846383,-0.562167955812708,2,6,10,4,12.5,0,1,6,16,2,12.0,0,0,1,0,0.6666666666666666,0.3333333333333333,1.6666666666666667,2.6666666666666665,True,True,False,True,False,False,True,False,False,True,False,False,False,False,True,False,False,False,False,False,False,False,True,False,True,False,False,Dropout,,False
0.9684140695650034,0.6359890302771035,-0.0468302696194676,-0.6939730878554988,0,8,8,7,13.328571428571427,0,0,8,8,7,13.328571428571427,0,0,1,0,0.875,0.875,1.0,1.0,True,False,False,True,False,False,False,False,False,False,False,False,False,False,False,False,False,False,False,False,False,False,True,False,True,False,False,Graduate,,False
-0.5540677512436588,-0.9565076038994944,1.486280365074777,1.0194936287007816,0,6,6,6,14.0,0,0,6,6,6,12.333333333333334,0,1,1,0,1.0,1.0,1.0,1.0,True,False,True,False,False,True,False,True,False,False,False,False,False,False,False,False,False,False,False,False,False,False,False,False,True,True,False,Graduate,,False
-0.5540677512436588,-0.6531749116753804,-0.3990313613735503,-0.4303628237699172,0,0,0,0,0.0,0,0,0,0,0,0.0,0,0,1,0,0.0,0.0,0.0,0.0,True,True,False,False,False,True,False,False,False,False,False,False,False,False,False,False,False,False,False,False,False,False,True,False,True,False,False,Enrolled,,False
-0.5540677512436588,-0.1981758733392096,0.2086881694962399,0.4922731005296184,4,6,6,6,13.166666666666666,0,2,5,7,5,15.142857142857142,0,1,1,0,1.0,1.0,1.0,1.4,True,True,False,False,True,False,True,False,True,False,False,False,False,False,True,False,False,False,True,False,False,False,False,False,True,False,False,Dropout,,False
2.490895890373665,-0.577341738619352,-0.5233376290514619,-0.6939730878554988,0,6,10,4,13.6,0,0,6,7,5,12.666666666666666,0,0,1,0,0.6666666666666666,0.8333333333333334,1.6666666666666667,1.1666666666666667,True,False,False,False,False,False,False,False,False,False,False,False,False,False,False,False,False,False,False,False,False,False,True,False,True,False,False,Graduate,,False
2.490895890373665,-0.7290080847314089,-0.951503662164269,-0.4303628237699172,0,6,12,4,12.0,0,0,6,11,1,10.0,0,0,1,0,0.6666666666666666,0.1666666666666666,2.0,1.8333333333333333,True,False,False,False,False,True,False,False,False,False,False,False,False,False,True,False,False,False,False,False,False,False,True,False,True,False,False,Dropout,,False
0.2071731591606723,-2.0181720266838927,-1.4211051178363796,-0.562167955812708,0,7,9,5,13.34,0,0,7,9,6,12.385714285714286,0,0,1,0,0.7142857142857143,0.8571428571428571,1.2857142857142858,1.2857142857142858,True,False,False,True,False,False,False,False,False,False,False,False,False,False,True,False,False,False,True,False,False,False,True,False,True,True,False,Enrolled,,False
1.7296549799693344,-0.577341738619352,-0.1089834034584228,-0.562167955812708,0,5,6,3,13.333333333333334,0,0,5,5,1,11.0,0,0,1,0,0.6,0.2,1.2,1.0,True,True,False,False,False,False,False,False,False,False,False,False,False,False,True,False,False,False,False,False,False,True,True,False,True,False,False,Dropout,,False
0.2071731591606723,-0.1223427002831811,0.1948763619764728,-0.4303628237699172,0,7,8,6,14.37,0,0,8,10,7,14.65,0,0,1,0,0.8571428571428571,0.875,1.1428571428571428,1.25,True,False,False,True,False,False,False,False,False,False,False,False,False,False,False,False,False,False,False,False,False,False,True,False,True,False,False,Graduate,,False
-0.5540677512436588,2.076819318341645,2.280459297461435,1.6785192889147356,2,6,9,6,12.0,0,1,6,8,3,14.666666666666666,0,1,1,1,1.0,0.5,1.5,1.3333333333333333,True,False,False,False,False,True,True,False,False,True,False,False,False,False,False,True,False,False,False,True,False,False,True,True,False,False,False,Dropout,,False
3.2521368007779965,-0.2740090463952381,-0.6821734155287943,-0.562167955812708,0,5,10,0,0.0,0,0,5,5,0,0.0,0,0,0,0,0.0,0.0,2.0,1.0,True,True,False,False,True,False,False,False,False,False,False,False,False,True,True,False,False,False,False,False,False,True,True,False,True,False,False,Dropout,,False
-0.5540677512436588,-0.425675392507295,2.280459297461435,0.6240782325724092,0,7,7,7,14.528571428571428,0,0,8,11,8,15.018181818181818,0,1,1,0,1.0,1.0,1.0,1.375,True,True,False,True,False,False,False,True,False,False,False,False,False,False,True,False,False,False,True,False,False,False,False,False,True,False,False,Graduate,Graduate,True
0.2071731591606723,-0.1981758733392096,-0.3230664200148269,-0.6939730878554988,0,6,8,6,14.142857142857142,0,0,6,6,5,12.0,0,0,1,1,1.0,0.8333333333333334,1.3333333333333333,1.0,True,False,False,False,False,True,False,False,False,False,False,False,False,False,True,False,False,False,False,True,False,False,True,True,False,False,False,Dropout,,False
1.7296549799693344,-2.0181720266838927,-1.448728732875916,-0.2985576917271264,0,6,8,4,10.5,0,0,6,11,1,11.0,0,0,1,0,0.6666666666666666,0.1666666666666666,1.3333333333333333,1.8333333333333333,True,True,False,False,False,False,False,False,False,False,False,False,False,False,False,False,False,False,False,False,False,False,True,False,True,True,False,Dropout,Graduate,False
-0.5540677512436588,2.228485664453701,1.417221327475937,-0.6939730878554988,0,8,8,8,14.14125,0,0,8,8,8,14.14125,0,0,1,0,1.0,1.0,1.0,1.0,True,False,False,True,False,False,False,False,False,False,False,False,False,False,True,False,False,False,True,False,False,False,True,False,True,True,False,Graduate,,False
-0.5540677512436588,2.000986145285616,2.2873652012213186,-0.6939730878554988,0,6,6,6,15.166666666666666,0,0,6,7,6,14.857142857142858,0,0,1,0,1.0,1.0,1.0,1.1666666666666667,True,False,False,False,False,True,False,False,False,False,False,False,False,False,False,False,True,False,False,False,False,False,True,False,True,False,False,Graduate,,False
-0.5540677512436588,0.0369069631344782,-1.814741632149767,2.073934685043108,0,6,15,2,13.0,2,0,6,13,3,13.0,1,1,1,0,0.3333333333333333,0.5,2.5,2.1666666666666665,False,False,False,False,False,True,False,True,False,False,False,False,False,False,False,False,False,False,True,False,False,False,False,False,True,False,False,Enrolled,,False
0.2071731591606723,-0.1981758733392096,-0.0053948470601631,-0.562167955812708,0,6,8,6,13.166666666666666,0,0,6,6,6,13.0,0,0,1,0,1.0,1.0,1.3333333333333333,1.0,True,False,False,False,False,True,False,False,False,False,False,False,False,False,False,False,False,False,False,False,False,False,True,False,True,True,True,Dropout,,False
-0.5540677512436588,-0.577341738619352,-0.5440553403311146,-0.1667525596843355,0,6,13,2,12.0,0,0,6,14,1,10.0,0,0,0,0,0.3333333333333333,0.1666666666666666,2.1666666666666665,2.333333333333333,True,False,False,False,False,True,False,False,False,False,True,False,True,False,False,True,False,False,False,True,False,False,True,False,True,False,False,Dropout,,False
-0.5540677512436588,-0.1981758733392096,0.2086881694962399,0.4922731005296184,0,5,9,3,12.0,0,0,5,11,4,13.625,0,1,1,0,0.6,0.8,1.8,2.2,True,False,False,False,False,False,True,False,True,False,False,False,False,False,False,True,False,False,False,False,False,False,False,False,True,False,False,Graduate,,False
-0.5540677512436588,-0.2740090463952381,-1.034374507282877,-0.1667525596843355,5,9,9,5,11.2,0,5,9,14,7,11.25,2,0,1,0,0.5555555555555556,0.7777777777777778,1.0,1.5555555555555556,True,True,False,False,False,False,False,True,False,False,False,False,False,False,False,False,False,False,True,False,False,False,False,False,True,False,False,Dropout,,False
0.2071731591606723,-0.7290080847314089,-0.8064796832067057,-0.4303628237699172,0,7,8,6,13.5,0,0,7,8,6,14.0,0,0,1,0,0.8571428571428571,0.8571428571428571,1.1428571428571428,1.1428571428571428,True,False,False,False,False,True,False,False,False,False,False,False,False,False,False,False,False,False,False,False,False,False,True,False,True,False,False,Enrolled,,False
0.2071731591606723,-0.1981758733392096,1.4931862688346604,-0.4303628237699172,0,0,0,0,0.0,0,0,0,0,0,0.0,0,0,1,0,0.0,0.0,0.0,0.0,True,True,False,False,False,True,False,False,False,False,False,False,False,False,False,True,False,False,False,True,False,False,True,False,True,False,True,Dropout,,False
-0.5540677512436588,0.0369069631344782,-1.1724925824805563,0.4922731005296184,0,7,7,0,0.0,6,0,7,7,0,0.0,6,1,1,0,0.0,0.0,1.0,1.0,True,True,False,True,False,False,False,True,False,False,False,False,False,False,False,False,True,False,False,False,True,False,True,False,True,False,False,Dropout,,False
0.2071731591606723,-0.1981758733392096,-0.0053948470601631,-0.6939730878554988,0,6,6,6,14.0,0,0,6,6,6,14.166666666666666,0,0,1,0,1.0,1.0,1.0,1.0,True,True,False,False,False,True,False,False,False,False,False,False,False,False,False,False,False,False,False,False,False,False,True,False,True,True,False,Graduate,,False
-0.5540677512436588,1.0909880686132745,1.023584813162551,-0.562167955812708,0,6,8,6,13.0,0,0,6,9,4,12.8,0,0,0,0,1.0,0.6666666666666666,1.3333333333333333,1.5,True,False,False,False,False,True,False,False,False,False,True,False,False,False,False,True,False,False,False,False,False,False,True,False,True,False,False,Graduate,,False
-0.5540677512436588,0.1809899919409327,0.1465350356572837,-0.562167955812708,0,6,6,6,14.666666666666666,0,0,6,7,6,14.571428571428571,0,0,1,0,1.0,1.0,1.0,1.1666666666666667,True,False,False,False,False,True,False,False,False,False,False,False,False,False,True,False,False,False,True,False,False,False,False,False,True,False,False,Graduate,Graduate,True
3.2521368007779965,-0.8806744308434659,-0.2194778636165671,-0.562167955812708,0,5,5,5,12.4,0,0,5,8,3,11.0,0,0,1,0,1.0,0.6,1.0,1.6,True,False,False,False,False,False,False,False,False,False,False,False,False,False,False,False,False,False,False,False,False,False,False,False,True,True,False,Enrolled,,False
-0.5540677512436588,1.3184875877813598,1.5898689214730366,-0.2985576917271264,0,6,10,6,12.0,0,0,6,12,5,12.8,0,0,0,0,1.0,0.8333333333333334,1.6666666666666667,2.0,True,False,False,False,False,True,False,True,False,False,True,False,True,False,False,True,False,False,True,False,False,False,True,False,True,False,False,Graduate,,False
0.2071731591606723,-0.2740090463952381,0.6506660101288153,-0.6939730878554988,0,6,6,6,12.333333333333334,0,0,6,6,6,12.833333333333334,0,0,0,0,1.0,1.0,1.0,1.0,True,False,False,False,False,True,False,False,False,False,True,False,True,False,False,True,False,False,False,True,False,False,True,False,True,False,False,Enrolled,,False
-0.5540677512436588,0.3326563380529896,-0.4128431688933185,-0.562167955812708,0,8,8,7,14.725714285714288,0,0,8,8,7,14.725714285714288,0,0,0,0,0.875,0.875,1.0,1.0,False,False,False,True,False,False,False,False,False,False,True,False,False,False,False,True,False,False,True,False,False,False,False,False,True,True,False,Graduate,Graduate,True
-0.5540677512436588,-0.1981758733392096,-0.5854907628904181,-0.6939730878554988,0,6,6,6,12.0,0,0,6,8,6,11.285714285714286,0,0,1,0,1.0,1.0,1.0,1.3333333333333333,True,False,False,False,False,True,False,False,False,False,False,False,False,False,True,False,False,False,True,False,False,False,False,False,True,True,False,Graduate,,False
-0.5540677512436588,-0.6531749116753804,-0.1089834034584228,-0.562167955812708,0,6,6,6,13.5,0,0,6,6,6,13.166666666666666,0,0,1,0,1.0,1.0,1.0,1.0,True,True,False,False,False,True,False,False,False,False,False,False,False,False,False,False,False,False,False,False,False,False,True,False,True,False,False,Graduate,,False
-0.5540677512436588,-0.3498422194512666,-0.1711365372973791,-0.562167955812708,0,6,10,4,14.0,0,0,6,9,6,12.333333333333334,0,0,1,0,0.6666666666666666,1.0,1.6666666666666667,1.5,True,True,False,False,False,True,False,False,False,False,False,False,False,False,True,False,False,False,True,False,False,False,False,False,True,True,False,Graduate,,False
-0.5540677512436588,2.076819318341645,1.1962324071596504,-0.6939730878554988,0,6,10,4,13.0,0,0,6,9,5,13.666666666666666,0,0,1,0,0.6666666666666666,0.8333333333333334,1.6666666666666667,1.5,True,False,False,False,False,True,False,False,False,False,False,False,False,False,True,False,False,False,False,False,False,False,True,False,True,False,False,Graduate,,False
-0.5540677512436588,2.076819318341645,2.280459297461435,-0.562167955812708,0,6,7,6,15.333333333333334,0,0,6,9,6,14.0,0,0,1,0,1.0,1.0,1.1666666666666667,1.5,True,False,False,False,False,True,True,False,False,True,False,False,False,False,False,False,False,False,False,False,False,False,False,False,True,True,False,Graduate,,False
-0.5540677512436588,1.6218202800054735,1.866105071868396,0.6240782325724092,8,14,22,12,12.333333333333334,0,3,12,20,8,12.0,0,1,1,0,0.8571428571428571,0.6666666666666666,1.5714285714285714,1.6666666666666667,True,False,False,False,False,False,False,True,False,False,False,False,False,False,False,True,False,False,False,True,False,False,True,False,True,False,False,Graduate,,False
2.490895890373665,1.015154895557246,1.3619740973968644,-0.562167955812708,0,6,7,6,13.833333333333334,0,0,6,8,6,13.625,0,0,1,0,1.0,1.0,1.1666666666666667,1.3333333333333333,True,True,False,False,False,True,False,False,False,False,False,False,False,False,True,False,False,False,True,False,False,False,True,False,True,False,False,Graduate,,False
-0.5540677512436588,0.1809899919409327,-0.4819022064921583,0.2286628364440368,0,5,6,0,0.0,0,0,5,5,0,0.0,0,1,1,1,0.0,0.0,1.2,1.0,True,True,False,False,False,False,False,True,False,False,False,False,False,False,True,False,False,False,True,False,False,False,False,False,False,False,False,Dropout,,False
-0.5540677512436588,0.3326563380529896,0.2846531108549633,-0.562167955812708,0,5,7,5,13.6,0,0,5,5,5,12.6,0,0,0,1,1.0,1.0,1.4,1.0,True,False,False,False,False,False,False,False,False,False,False,False,True,False,False,False,False,False,False,True,False,False,True,True,True,True,False,Graduate,,False
-0.5540677512436588,0.5601558572210751,-0.6062084741700698,3.787401401599389,0,5,7,5,11.2,0,0,5,6,5,12.8,1,1,1,0,1.0,1.0,1.4,1.2,False,True,True,False,False,False,False,True,False,False,False,False,False,False,False,False,False,False,False,False,False,False,False,False,True,False,False,Graduate,,False
-0.5540677512436588,-0.1981758733392096,0.2086881694962399,-0.0349474276415447,0,8,8,8,13.22,0,0,8,8,8,13.22,0,0,1,0,1.0,1.0,1.0,1.0,True,False,False,True,False,False,True,False,True,False,False,False,False,False,True,False,False,False,False,True,False,False,False,False,True,False,False,Graduate,Graduate,True
-0.5540677512436588,0.1809899919409327,-0.0261125583398158,-0.562167955812708,0,7,7,7,12.901428571428571,0,0,8,9,8,13.094444444444443,0,0,0,0,1.0,1.0,1.0,1.125,True,False,False,True,False,False,False,False,False,False,True,False,False,False,False,True,False,False,False,False,False,False,False,False,True,True,False,Graduate,Graduate,True
-0.5540677512436588,-0.1981758733392096,-0.0537361733793512,-0.6939730878554988,0,6,7,6,11.333333333333334,0,0,6,8,6,12.285714285714286,0,0,1,0,1.0,1.0,1.1666666666666667,1.3333333333333333,True,True,False,False,False,True,False,False,False,False,False,False,False,False,True,False,False,False,False,False,False,False,False,False,True,True,False,Graduate,,False
-0.5540677512436588,1.166821241669303,0.1948763619764728,-0.4303628237699172,0,6,11,5,10.6,0,0,6,11,4,10.4,0,0,1,0,0.8333333333333334,0.6666666666666666,1.8333333333333333,1.8333333333333333,True,False,False,False,False,True,False,False,False,False,False,False,False,False,True,False,False,False,False,False,False,False,False,False,True,False,False,Enrolled,Dropout,False
-0.5540677512436588,1.3184875877813598,0.8992785454846383,4.8418424579417145,17,18,18,18,14.11111111111111,0,11,13,13,13,14.23076923076923,0,1,1,0,1.0,1.0,1.0,1.0,False,True,False,False,False,True,False,True,False,False,False,False,False,False,False,False,False,False,False,False,False,False,False,False,True,False,False,Graduate,Graduate,True
-0.5540677512436588,1.3184875877813598,1.5898689214730366,0.4922731005296184,0,5,0,0,0.0,0,0,5,0,0,0.0,0,1,1,0,0.0,0.0,0.0,0.0,True,False,True,False,False,False,False,True,False,False,False,False,False,False,False,False,False,False,False,False,False,False,False,False,True,False,False,Dropout,,False
-0.5540677512436588,-1.3356734691796368,-1.2622693313590485,-0.6939730878554988,0,6,9,5,11.4,0,0,6,6,6,11.333333333333334,0,0,1,0,0.8333333333333334,1.0,1.5,1.0,True,False,False,False,False,False,False,False,False,False,False,False,False,False,False,False,False,False,False,True,False,False,True,False,True,True,False,Graduate,,False
2.490895890373665,-0.1981758733392096,0.2086881694962399,-0.4303628237699172,0,6,8,4,11.25,0,0,6,15,3,10.0,0,0,1,0,0.6666666666666666,0.5,1.3333333333333333,2.5,True,False,False,False,False,True,False,False,False,False,False,False,False,False,True,False,False,False,True,False,False,False,True,False,True,False,False,Enrolled,,False
0.2071731591606723,0.1809899919409327,0.6299482988491625,-0.562167955812708,0,6,9,5,11.4,0,0,6,13,5,12.4,0,0,0,0,0.8333333333333334,0.8333333333333334,1.5,2.1666666666666665,True,True,False,False,False,True,False,False,False,False,True,False,False,False,True,False,False,False,True,False,False,False,True,False,True,False,False,Enrolled,,False
-0.5540677512436588,-0.8048412577874374,-0.0537361733793512,-0.1667525596843355,0,5,14,4,14.25,3,0,5,9,5,13.2,4,0,1,0,0.8,1.0,2.8,1.8,True,False,False,True,False,False,False,False,False,True,False,False,False,False,False,False,False,False,False,False,False,False,True,False,True,False,False,Dropout,,False
-0.5540677512436588,-0.1981758733392096,-0.6338320892096062,-0.562167955812708,0,8,8,7,15.885714285714286,0,0,8,8,7,15.885714285714286,0,0,1,0,0.875,0.875,1.0,1.0,True,True,False,True,False,False,False,False,False,False,False,False,False,False,True,False,False,False,False,False,False,False,True,False,True,False,False,Graduate,,False
-0.5540677512436588,-0.9565076038994944,-0.4819022064921583,-0.562167955812708,2,6,7,5,11.6,0,1,6,12,2,11.0,0,0,1,1,0.8333333333333334,0.3333333333333333,1.1666666666666667,2.0,True,False,False,False,False,True,True,False,False,True,False,False,False,False,False,False,False,False,False,False,False,False,True,True,False,False,False,Dropout,Graduate,False
1.7296549799693344,-0.425675392507295,-0.7719501644072858,-0.6939730878554988,0,6,7,6,12.571428571428571,0,0,6,6,6,13.666666666666666,0,0,1,0,1.0,1.0,1.1666666666666667,1.0,True,False,False,False,False,True,False,False,False,False,False,False,False,False,True,False,False,False,False,True,False,False,True,False,True,False,False,Graduate,Graduate,True
-0.5540677512436588,1.4701539338934166,1.2238560221991848,-0.4303628237699172,0,6,8,6,14.5,0,0,6,7,6,15.428571428571429,0,0,1,0,1.0,1.0,1.3333333333333333,1.1666666666666667,True,False,False,False,False,True,False,False,False,False,False,False,False,False,True,False,False,False,True,False,False,False,False,False,True,False,False,Graduate,Graduate,True
-0.5540677512436588,0.6359890302771035,0.2224999770160071,-0.6939730878554988,0,6,6,6,13.5,0,0,6,0,0,0.0,0,0,1,0,1.0,0.0,1.0,0.0,True,True,False,False,False,False,False,False,False,False,False,False,False,False,True,False,False,False,False,False,False,False,False,False,True,False,False,Dropout,,False
-0.5540677512436588,-1.714839334459779,-0.6752675117689096,0.6240782325724092,13,18,45,18,12.5,12,10,13,26,12,11.428571428571429,6,1,1,0,1.0,0.9230769230769232,2.5,2.0,True,True,False,True,False,False,False,True,False,False,False,False,False,False,False,False,False,False,False,False,False,False,True,False,True,False,True,Graduate,Dropout,False
-0.5540677512436588,-0.6531749116753804,-0.1573247297776109,-0.2985576917271264,0,5,7,3,11.0,0,0,5,5,4,12.75,0,0,0,0,0.6,0.8,1.4,1.0,True,True,False,False,False,False,False,False,False,False,True,False,True,False,False,True,False,False,False,True,False,False,True,False,True,False,False,Dropout,,False
-0.5540677512436588,0.9393217225012176,2.2873652012213186,-0.562167955812708,6,12,12,12,14.5,0,4,11,15,11,13.583333333333334,0,0,0,0,1.0,1.0,1.0,1.3636363636363635,True,False,False,False,False,True,False,False,False,False,True,False,False,False,False,True,False,False,True,False,False,False,False,False,True,True,False,Graduate,,False
-0.5540677512436588,0.4843226841650466,0.2984649183747325,-0.562167955812708,0,6,10,4,12.0,1,0,6,6,6,12.5,0,0,1,0,0.6666666666666666,1.0,1.6666666666666667,1.0,True,False,False,False,False,True,False,False,False,False,False,False,False,False,True,False,False,False,False,False,False,False,True,False,True,False,False,Graduate,,False
1.7296549799693344,0.2568231649969612,0.4780184161317157,-0.6939730878554988,0,7,9,7,14.711111111111112,0,0,8,9,8,14.627777777777778,0,0,1,0,1.0,1.0,1.2857142857142858,1.125,True,False,False,True,False,False,False,False,False,False,False,False,False,False,True,False,False,False,False,False,False,False,True,False,True,False,False,Graduate,,False
-0.5540677512436588,2.9868173950139862,1.5415275951538494,0.096857704401246,0,5,5,5,16.0,0,0,5,5,5,16.0,0,1,1,0,1.0,1.0,1.0,1.0,True,True,True,False,False,False,False,False,False,False,False,False,False,False,False,False,False,False,False,False,False,False,False,False,True,True,False,Graduate,,False
0.2071731591606723,-1.1840071230675795,-1.1241512561613685,-0.4303628237699172,0,6,10,5,14.0,0,0,6,10,6,12.0,0,0,0,0,0.8333333333333334,1.0,1.6666666666666667,1.6666666666666667,True,True,False,False,False,False,False,False,False,False,True,False,False,False,False,True,False,False,True,False,False,False,True,False,True,False,False,Enrolled,,False
0.9684140695650034,-0.8806744308434659,-0.702891126808446,-0.2985576917271264,0,6,8,6,11.333333333333334,0,0,6,8,4,12.25,0,0,1,0,1.0,0.6666666666666666,1.3333333333333333,1.3333333333333333,True,False,False,False,False,False,False,False,False,False,False,False,False,False,True,False,False,False,False,False,False,False,True,False,True,False,False,Graduate,Dropout,False
0.9684140695650034,-1.0323407769555228,-0.8133855869665894,-0.562167955812708,0,6,10,0,0.0,0,0,6,6,0,0.0,0,0,1,0,0.0,0.0,1.6666666666666667,1.0,True,False,False,False,False,False,False,False,False,False,False,False,False,False,False,False,False,False,False,False,False,False,True,False,True,True,False,Dropout,,False
-0.5540677512436588,-2.473171065020064,-0.8962564320851973,1.0194936287007816,0,7,8,5,12.56,0,0,7,8,5,12.56,0,1,1,1,0.7142857142857143,0.7142857142857143,1.1428571428571428,1.1428571428571428,True,False,False,True,False,False,False,True,False,False,False,False,False,False,False,True,False,False,False,False,False,True,True,True,False,False,False,Dropout,,False
-0.5540677512436588,-0.7290080847314089,-0.6338320892096062,-0.562167955812708,0,6,10,4,12.75,0,0,6,12,2,13.0,0,0,1,0,0.6666666666666666,0.3333333333333333,1.6666666666666667,2.0,True,True,False,False,False,False,False,False,False,False,False,False,False,False,False,False,False,False,True,False,False,False,False,False,True,False,False,Enrolled,,False
-0.5540677512436588,0.6359890302771035,0.2224999770160071,0.096857704401246,10,15,16,15,13.466666666666669,1,10,14,14,14,13.642857142857142,0,1,1,0,1.0,1.0,1.0666666666666669,1.0,True,True,False,False,False,False,False,True,False,False,False,False,False,False,False,False,False,False,False,False,False,False,False,False,True,False,False,Graduate,,False
-0.5540677512436588,0.6359890302771035,0.0567582867787921,-0.562167955812708,0,7,7,0,0.0,2,0,7,7,0,0.0,2,0,1,0,0.0,0.0,1.0,1.0,True,False,False,True,False,False,False,False,False,False,False,False,False,False,False,False,False,True,False,True,False,False,False,False,True,True,False,Dropout,Dropout,True
-0.5540677512436588,-0.7290080847314089,0.3537121484538032,-0.2985576917271264,0,6,9,5,11.0,0,0,6,8,5,12.0,0,0,1,0,0.8333333333333334,0.8333333333333334,1.5,1.3333333333333333,True,False,False,False,False,False,False,False,False,False,False,False,False,False,False,False,False,False,False,False,False,False,False,False,True,True,False,Graduate,Graduate,True
0.2071731591606723,-0.1223427002831811,-0.5647730516107663,-0.6939730878554988,0,5,9,4,11.5,0,0,5,5,5,12.8,0,0,1,0,0.8,1.0,1.8,1.0,True,True,False,False,False,False,False,False,False,False,False,False,False,False,False,False,False,False,False,False,False,False,False,False,True,True,False,Graduate,,False
-0.5540677512436588,0.0369069631344782,-0.3645018425741304,1.0194936287007816,0,5,5,0,0.0,0,0,5,7,0,0.0,0,1,0,0,0.0,0.0,1.0,1.4,True,True,True,False,False,False,False,True,False,False,True,False,False,False,False,True,False,False,False,False,False,False,False,False,True,False,False,Dropout,,False
0.9684140695650034,-1.4115066422356652,-0.8617269132857774,-0.562167955812708,0,7,7,7,13.094285714285714,0,0,8,8,8,12.55,0,0,1,0,1.0,1.0,1.0,1.0,True,False,False,True,False,False,False,False,False,False,False,False,False,False,True,False,False,False,True,False,False,False,True,False,True,True,False,Graduate,,False
2.490895890373665,-0.3498422194512666,-0.7236088380880977,-0.6939730878554988,0,6,7,6,13.428571428571429,0,0,6,6,6,12.666666666666666,0,0,1,0,1.0,1.0,1.1666666666666667,1.0,True,False,False,False,False,False,False,False,False,False,False,False,False,False,False,False,False,False,False,False,False,False,True,False,True,True,False,Graduate,,False
-0.5540677512436588,-0.1981758733392096,-1.863082958468955,0.7558833646152,0,6,9,0,0.0,0,0,6,6,0,0.0,0,1,1,1,0.0,0.0,1.5,1.0,True,True,False,False,False,True,False,True,False,False,False,False,False,False,False,False,False,False,True,False,False,False,False,False,False,False,False,Dropout,,False
-0.5540677512436588,-0.425675392507295,0.0015110566997204,-0.0349474276415447,3,9,11,6,10.5,0,4,10,10,10,11.7,0,0,1,0,0.6666666666666666,1.0,1.2222222222222223,1.0,True,True,False,False,False,False,False,True,False,False,False,False,False,False,False,False,False,False,False,False,False,False,True,False,True,False,True,Graduate,,False
-0.5540677512436588,0.7876553763891605,1.0581143319619706,-0.6939730878554988,0,7,7,7,13.79714285714286,0,0,8,8,8,13.775,0,0,1,0,1.0,1.0,1.0,1.0,True,False,False,True,False,False,False,False,False,False,False,False,False,False,True,False,False,False,False,False,False,False,False,False,True,True,False,Enrolled,Graduate,False
0.2071731591606723,-0.8806744308434659,-1.0412804110427605,-0.562167955812708,0,6,9,5,12.0,0,0,6,10,4,11.2,0,0,1,0,0.8333333333333334,0.6666666666666666,1.5,1.6666666666666667,True,True,False,False,False,True,False,False,False,False,False,False,False,False,True,False,False,False,True,False,False,False,True,False,True,False,False,Graduate,,False
-0.5540677512436588,2.076819318341645,-1.3244224651980046,0.4922731005296184,0,6,10,0,0.0,0,0,6,8,0,0.0,0,1,1,1,0.0,0.0,1.6666666666666667,1.3333333333333333,True,True,False,False,False,True,False,True,False,False,False,False,False,False,False,False,False,False,True,False,False,False,True,False,False,False,False,Dropout,,False
-0.5540677512436588,-0.1981758733392096,1.2445737334788374,0.2286628364440368,0,7,10,6,12.125,0,0,8,9,8,13.3125,0,1,1,0,0.8571428571428571,1.0,1.4285714285714286,1.125,True,False,False,True,False,False,False,True,True,False,False,False,False,False,True,False,False,False,True,False,False,False,False,False,True,False,False,Enrolled,Dropout,False
-0.5540677512436588,-0.1981758733392096,0.8992785454846383,4.710037325898924,10,15,22,12,13.333333333333334,0,8,8,8,8,12.875,0,1,1,1,0.8,1.0,1.4666666666666666,1.0,False,False,True,False,False,True,True,False,True,False,False,False,False,False,False,False,False,True,False,False,False,True,False,False,False,False,False,Dropout,,False
-0.5540677512436588,1.3184875877813598,1.5898689214730366,2.732960345257062,3,7,9,7,13.5,0,0,5,6,5,16.2,0,1,1,0,1.0,1.0,1.2857142857142858,1.2,True,True,True,False,False,False,True,False,True,False,False,False,False,False,False,False,False,False,False,False,False,False,True,False,True,False,False,Dropout,,False
1.7296549799693344,-0.425675392507295,0.0291346717392567,-0.4303628237699172,0,6,8,6,11.166666666666666,0,0,6,6,6,11.333333333333334,0,0,1,0,1.0,1.0,1.3333333333333333,1.0,True,False,False,False,False,True,False,False,False,False,False,False,False,False,True,False,False,False,False,False,True,False,True,False,True,False,False,Graduate,Dropout,False
0.2071731591606723,-0.1981758733392096,-0.2471014786561025,-0.2985576917271264,0,5,5,4,11.75,0,0,5,5,3,13.333333333333334,0,0,1,0,0.8,0.6,1.0,1.0,True,False,False,False,False,False,False,False,False,False,False,False,False,False,True,False,False,False,True,False,False,False,True,False,True,False,False,Graduate,Graduate,True
0.2071731591606723,0.7118222033331321,0.2432176882956598,-0.6939730878554988,0,7,8,7,12.214285714285714,0,0,8,8,8,14.0625,0,0,1,0,1.0,1.0,1.1428571428571428,1.0,True,False,False,True,False,False,False,False,False,False,False,False,False,False,True,False,False,False,True,False,False,False,True,False,True,True,False,Graduate,,False
-0.5540677512436588,-0.9565076038994944,0.8992785454846383,0.2286628364440368,0,5,11,3,10.666666666666666,0,0,5,11,3,11.333333333333334,0,1,1,0,0.6,0.6,2.2,2.2,True,False,True,False,False,False,False,True,False,False,False,False,False,False,False,True,False,False,False,True,False,False,False,False,True,False,False,Enrolled,,False
-0.5540677512436588,-1.4873398152916937,-1.1586807749607886,-0.1667525596843355,0,5,7,3,12.666666666666666,0,0,5,6,4,12.0,0,0,1,0,0.6,0.8,1.4,1.2,True,False,False,False,False,False,False,False,False,False,False,False,False,False,False,False,False,False,False,False,False,False,True,False,True,False,False,Enrolled,,False
0.9684140695650034,-0.2740090463952381,-0.1504188260177273,-0.2985576917271264,0,6,6,6,14.5,0,0,6,7,5,12.0,0,0,0,0,1.0,0.8333333333333334,1.0,1.1666666666666667,True,False,False,False,False,True,False,False,False,False,True,False,True,False,True,False,False,False,False,False,False,False,True,False,True,False,False,Graduate,,False
-0.5540677512436588,0.0369069631344782,0.2086881694962399,1.9421295530003173,0,6,0,0,0.0,0,0,6,0,0,0.0,0,1,1,0,0.0,0.0,0.0,0.0,False,True,True,False,False,True,False,True,False,False,False,False,False,False,False,False,True,False,False,False,True,False,False,False,True,False,False,Dropout,,False
-0.5540677512436588,-0.7290080847314089,0.0429464792590239,0.3604679684868276,0,6,6,6,11.833333333333334,0,0,6,6,6,11.666666666666666,0,1,0,0,1.0,1.0,1.0,1.0,True,True,True,False,False,True,False,False,False,False,True,False,False,False,False,True,False,False,False,False,False,False,True,False,True,False,False,Enrolled,,False
-0.5540677512436588,2.000986145285616,2.4531068914585346,-0.562167955812708,0,0,0,0,0.0,0,0,0,0,0,0.0,0,0,0,0,0.0,0.0,0.0,0.0,True,True,False,False,False,True,False,False,False,False,True,False,True,False,False,True,False,False,False,True,False,False,True,False,True,False,False,Dropout,,False
-0.5540677512436588,1.6218202800054735,1.037396620682318,-0.562167955812708,0,8,8,7,13.714285714285714,0,0,8,8,7,13.714285714285714,0,0,1,0,0.875,0.875,1.0,1.0,True,True,False,True,False,False,False,False,False,False,False,False,False,False,False,True,False,False,False,True,False,False,False,False,True,False,False,Graduate,,False
2.490895890373665,-0.1223427002831811,0.3744298597334559,-0.6939730878554988,0,6,6,0,0.0,0,0,6,0,0,0.0,0,0,1,1,0.0,0.0,1.0,0.0,True,True,False,False,False,True,False,False,False,False,False,False,False,False,False,False,False,False,True,False,False,False,True,True,False,False,False,Dropout,,False
-0.5540677512436588,-0.2740090463952381,-0.1987601523369154,-0.562167955812708,0,5,10,0,0.0,0,0,5,10,1,14.0,3,0,1,0,0.0,0.2,2.0,2.0,True,True,False,False,True,False,False,False,False,False,False,False,False,False,True,False,False,False,False,False,False,False,True,False,True,False,False,Dropout,,False
-0.5540677512436588,-0.1981758733392096,0.2086881694962399,-0.562167955812708,0,6,12,5,13.0,0,0,6,12,3,11.666666666666666,0,0,1,1,0.8333333333333334,0.5,2.0,2.0,True,False,False,True,False,False,False,True,False,False,False,False,False,False,True,False,False,False,False,False,False,False,True,False,False,False,False,Enrolled,,False
-0.5540677512436588,-0.1981758733392096,0.2086881694962399,2.073934685043108,0,6,10,0,0.0,0,0,6,6,0,0.0,0,1,0,0,0.0,0.0,1.6666666666666667,1.0,False,False,False,False,False,False,True,False,True,False,False,False,True,False,True,False,False,False,False,True,False,False,False,False,True,False,False,Dropout,Dropout,True
-0.5540677512436588,0.1051568188849042,0.9959611981230144,-0.562167955812708,0,6,12,3,13.0,0,0,6,13,2,14.0,0,0,1,0,0.5,0.3333333333333333,2.0,2.1666666666666665,True,False,False,False,False,True,False,False,False,False,False,False,False,False,False,False,False,False,False,False,False,False,True,False,True,False,False,Dropout,,False
-0.5540677512436588,-0.1981758733392096,1.5898689214730366,0.096857704401246,0,8,8,7,12.742857142857144,0,0,8,8,7,12.742857142857144,0,1,1,0,0.875,0.875,1.0,1.0,True,True,False,True,False,False,False,True,False,False,False,False,False,False,True,False,False,False,False,False,False,False,False,False,True,False,False,Graduate,,False
-0.5540677512436588,1.166821241669303,0.4711125123718321,-0.6939730878554988,0,8,8,7,13.485714285714284,0,0,8,8,7,13.485714285714284,0,0,1,0,0.875,0.875,1.0,1.0,True,False,False,True,False,False,False,False,False,False,False,False,False,False,True,False,False,False,True,False,False,False,False,False,True,False,False,Graduate,,False
-0.5540677512436588,0.4843226841650466,0.2501235920555434,-0.6939730878554988,0,5,12,5,12.8,2,0,5,10,5,11.857142857142858,1,0,0,0,1.0,1.0,2.4,2.0,True,False,False,True,False,False,False,False,False,False,True,False,True,False,False,True,False,False,False,True,False,False,False,False,True,False,False,Graduate,,False
-0.5540677512436588,-0.425675392507295,-0.3575959388142468,-0.4303628237699172,0,6,11,4,14.0,0,0,6,12,3,11.0,0,0,1,0,0.6666666666666666,0.5,1.8333333333333333,2.0,True,False,False,False,False,True,False,False,False,False,False,False,False,False,False,False,False,False,False,False,False,False,True,False,True,True,False,Enrolled,Dropout,False
-0.5540677512436588,0.0369069631344782,-0.4819022064921583,2.205739817085899,0,6,13,2,10.0,0,0,6,10,1,15.0,0,1,1,1,0.3333333333333333,0.1666666666666666,2.1666666666666665,1.6666666666666667,True,False,False,False,False,True,False,True,False,False,False,False,False,False,False,False,False,False,False,False,False,False,False,True,True,False,False,Dropout,,False
0.2071731591606723,2.228485664453701,2.639566292975401,-0.6939730878554988,0,5,6,4,15.75,0,0,5,5,5,13.8,0,0,1,0,0.8,1.0,1.2,1.0,True,False,False,True,False,False,False,False,False,False,False,False,False,False,False,False,False,False,False,False,False,False,True,False,True,True,False,Graduate,,False
-0.5540677512436588,0.6359890302771035,0.0015110566997204,-0.4303628237699172,0,6,6,5,12.4,0,0,6,9,5,12.4,0,0,1,0,0.8333333333333334,0.8333333333333334,1.0,1.5,True,False,False,False,False,True,False,True,False,False,False,False,False,False,True,False,False,False,False,False,False,False,False,False,True,False,False,Graduate,Dropout,False
-0.5540677512436588,0.5601558572210751,0.2086881694962399,1.414909024829154,0,5,5,0,0.0,0,0,5,5,0,0.0,0,1,1,0,0.0,0.0,1.0,1.0,False,False,True,False,False,False,False,True,False,False,False,False,False,False,False,False,False,False,False,False,False,False,False,False,True,False,False,Enrolled,,False
0.2071731591606723,-0.2740090463952381,0.1672527469369364,-0.6939730878554988,0,6,7,6,12.333333333333334,0,0,6,7,6,12.166666666666666,0,0,1,0,1.0,1.0,1.1666666666666667,1.1666666666666667,True,False,False,False,False,True,False,False,False,False,False,False,False,False,True,False,False,False,False,False,False,False,True,False,True,False,False,Graduate,Graduate,True
0.2071731591606723,-0.1223427002831811,-0.5923966666503017,-0.4303628237699172,0,7,9,6,13.766666666666666,0,0,8,9,8,13.744444444444444,0,0,1,0,0.8571428571428571,1.0,1.2857142857142858,1.125,True,False,False,True,False,False,False,False,False,False,False,False,False,False,True,False,False,False,False,False,False,False,True,False,True,True,False,Dropout,,False
0.2071731591606723,0.0369069631344782,-0.1020774996985392,-0.2985576917271264,0,7,9,7,13.2,0,0,8,9,7,13.2575,0,0,1,0,1.0,0.875,1.2857142857142858,1.125,True,False,False,True,False,False,False,False,False,False,False,False,False,False,False,False,False,False,False,False,False,False,True,False,True,True,False,Graduate,,False
0.9684140695650034,-2.321504718908007,-1.8216475359096516,-0.4303628237699172,0,7,9,6,12.766666666666666,0,0,8,10,7,12.128571428571428,0,0,1,0,0.8571428571428571,0.875,1.2857142857142858,1.25,True,False,False,True,False,False,False,False,False,False,False,False,False,False,False,False,False,False,True,False,False,False,True,False,True,True,False,Graduate,Enrolled,False
-0.5540677512436588,0.0369069631344782,-0.785761971927054,0.4922731005296184,0,6,8,0,0.0,0,0,6,8,0,0.0,0,1,1,1,0.0,0.0,1.3333333333333333,1.3333333333333333,True,False,False,False,False,True,False,True,False,False,False,False,False,False,True,False,False,False,False,False,False,False,True,False,False,False,False,Dropout,,False
-0.5540677512436588,0.5601558572210751,1.5898689214730366,-0.0349474276415447,0,5,7,2,13.0,0,0,5,11,1,10.0,0,0,1,0,0.4,0.2,1.4,2.2,True,True,False,False,True,False,False,True,False,False,False,False,False,False,True,False,False,False,True,False,False,False,False,False,True,False,False,Dropout,,False
-0.5540677512436588,0.0369069631344782,-1.448728732875916,0.096857704401246,0,7,7,6,12.666666666666666,1,0,7,7,6,12.666666666666666,1,1,1,0,0.8571428571428571,0.8571428571428571,1.0,1.0,True,True,False,True,False,False,False,True,False,False,False,False,False,False,False,False,False,False,False,False,False,False,True,False,True,False,False,Graduate,,False
-0.5540677512436588,-0.9565076038994944,-0.4819022064921583,1.0194936287007816,8,12,12,11,13.818181818181818,0,4,12,16,12,13.461538461538462,0,1,0,0,0.9166666666666666,1.0,1.0,1.3333333333333333,True,False,False,False,False,True,True,False,True,False,True,False,False,False,False,True,False,False,True,False,False,False,True,False,True,False,False,Graduate,,False
-0.5540677512436588,0.0369069631344782,1.935164109467236,-0.1667525596843355,0,5,6,3,11.333333333333334,0,0,5,5,0,0.0,0,0,0,0,0.6,0.0,1.2,1.0,True,False,False,False,False,False,False,False,False,False,True,False,False,False,False,True,False,False,False,False,False,False,False,False,True,False,False,Dropout,,False
-0.5540677512436588,0.5601558572210751,0.2086881694962399,0.8876884966579909,6,10,14,9,12.333333333333334,0,7,10,12,8,12.0,0,1,1,0,0.9,0.8,1.4,1.2,False,True,True,False,False,False,False,True,False,False,False,False,False,False,False,False,False,False,False,False,False,False,True,False,True,False,False,Graduate,,False
-0.5540677512436588,-1.714839334459779,0.008416960459604,1.414909024829154,0,5,9,4,11.0,0,0,5,10,4,10.75,1,1,1,0,0.8,0.8,1.8,2.0,False,False,True,False,False,False,False,True,False,False,False,False,False,False,False,False,False,False,False,True,False,False,False,False,True,False,False,Enrolled,,False
1.7296549799693344,1.166821241669303,2.515260025297491,-0.4303628237699172,0,6,7,6,11.5,0,0,6,6,6,12.0,0,0,0,0,1.0,1.0,1.1666666666666667,1.0,True,False,False,False,False,True,False,False,False,False,False,False,True,False,True,False,False,False,False,True,False,False,True,False,True,False,False,Graduate,Graduate,True
-0.5540677512436588,-0.1981758733392096,1.3274445785974445,0.6240782325724092,10,14,16,11,11.272727272727272,0,6,11,16,10,12.0,0,1,1,0,0.7857142857142857,0.9090909090909092,1.1428571428571428,1.4545454545454546,True,False,True,False,False,False,False,True,True,False,False,False,False,False,False,False,False,False,False,False,False,False,False,False,True,False,False,Graduate,Graduate,True
-0.5540677512436588,1.0909880686132745,0.4365829935724122,1.1512987607435723,0,0,0,0,0.0,0,0,0,0,0,0.0,0,1,1,1,0.0,0.0,0.0,0.0,True,False,False,False,False,True,False,True,False,False,False,False,False,False,False,False,False,False,False,False,False,False,False,False,False,False,False,Dropout,,False
1.7296549799693344,0.3326563380529896,-0.0192066545799312,-0.6939730878554988,0,7,0,0,0.0,0,0,8,0,0,0.0,0,0,1,0,0.0,0.0,0.0,0.0,True,False,False,True,False,False,False,False,False,False,False,False,False,False,True,False,False,False,False,False,False,False,True,False,True,False,False,Dropout,,False
-0.5540677512436588,1.3184875877813598,-0.3092546124950587,3.1283757413854345,0,5,9,4,11.5,0,0,5,6,5,11.6,1,1,1,0,0.8,1.0,1.8,1.2,False,True,True,False,False,False,False,True,False,False,False,False,False,False,False,False,False,False,False,False,False,False,False,False,True,False,False,Dropout,,False
-0.5540677512436588,-0.7290080847314089,-0.4680903989723902,-0.4303628237699172,0,6,9,5,11.8,0,0,6,10,4,11.5,0,0,1,0,0.8333333333333334,0.6666666666666666,1.5,1.6666666666666667,True,False,False,False,False,True,False,False,False,False,False,False,False,False,False,False,True,False,False,False,False,False,True,False,True,False,False,Dropout,,False
-0.5540677512436588,-0.1981758733392096,-0.371407746334015,-0.562167955812708,0,6,7,6,14.714285714285714,0,0,6,6,6,15.833333333333334,0,0,1,0,1.0,1.0,1.1666666666666667,1.0,True,False,False,False,False,False,False,False,False,False,False,False,False,False,False,False,False,False,False,False,False,False,False,False,True,False,False,Graduate,,False
0.2071731591606723,-0.1223427002831811,-0.3506900350543622,-0.6939730878554988,0,6,7,6,12.666666666666666,0,0,6,6,6,13.333333333333334,0,0,1,0,1.0,1.0,1.1666666666666667,1.0,True,False,False,False,False,True,False,False,False,False,False,False,False,False,False,False,False,False,False,False,False,False,True,False,True,True,False,Graduate,,False
-0.5540677512436588,-0.8806744308434659,-0.8962564320851973,-0.562167955812708,0,5,7,5,12.2,0,0,5,6,5,11.2,0,0,1,0,1.0,1.0,1.4,1.2,True,False,False,False,False,False,False,False,False,False,False,False,False,False,False,False,False,False,False,False,False,False,False,False,True,True,False,Graduate,,False
-0.5540677512436588,-0.8048412577874374,-0.8479151057660093,-0.6939730878554988,0,6,9,6,10.833333333333334,0,0,6,8,6,12.0,0,0,1,1,1.0,1.0,1.5,1.3333333333333333,True,False,False,False,False,True,False,False,False,False,False,False,False,False,False,False,False,False,False,False,False,False,False,True,True,True,False,Graduate,,False
-0.5540677512436588,0.0293236458288757,-0.0675479808991193,-0.6939730878554988,0,5,7,3,13.666666666666666,0,0,5,5,5,13.2,0,0,0,0,0.6,1.0,1.4,1.0,True,True,False,False,False,True,False,False,False,False,True,False,False,False,False,True,False,False,True,False,False,False,False,False,True,False,False,Graduate,,False
-0.5540677512436588,-0.577341738619352,-0.4957140140119265,-0.6939730878554988,0,6,9,5,11.571428571428571,0,0,6,8,6,12.142857142857142,0,0,0,0,0.8333333333333334,1.0,1.5,1.3333333333333333,True,False,False,False,False,True,False,False,False,False,True,False,True,False,False,True,False,False,False,True,False,False,False,False,True,False,False,Graduate,,False
0.9684140695650034,-1.6390061614037503,-1.1034335448817167,-0.6939730878554988,0,5,10,4,11.6,0,0,5,9,3,14.2,0,0,1,0,0.8,0.6,2.0,1.8,True,True,False,False,True,False,False,False,False,False,False,False,False,False,False,False,False,False,False,False,False,False,True,False,True,False,False,Dropout,,False
-0.5540677512436588,-1.866505680571836,-1.4763523479154523,-0.4303628237699172,0,5,7,5,12.166666666666666,0,0,5,7,5,15.285714285714286,0,0,1,0,1.0,1.0,1.4,1.4,True,True,False,False,True,False,False,False,False,False,False,False,False,False,True,False,False,False,False,True,False,False,True,False,True,False,False,Graduate,,False
-0.5540677512436588,-1.714839334459779,0.8992785454846383,2.3375449491286897,0,5,14,4,14.5,1,0,5,12,5,13.0,0,1,1,0,0.8,1.0,2.8,2.4,False,False,False,False,False,False,False,True,False,False,False,False,False,False,False,False,False,False,False,False,False,False,False,False,True,False,False,Enrolled,,False
3.2521368007779965,0.5601558572210751,0.7335368552474223,-0.6939730878554988,0,6,7,6,11.666666666666666,0,0,6,7,6,12.333333333333334,0,0,1,0,1.0,1.0,1.1666666666666667,1.1666666666666667,True,False,False,False,False,True,False,False,False,False,False,False,False,False,False,False,False,False,False,False,False,False,True,False,True,False,False,Dropout,,False
-0.5540677512436588,0.0369069631344782,-0.8962564320851973,0.7558833646152,0,5,5,1,13.0,0,0,5,5,0,0.0,0,1,1,1,0.2,0.0,1.0,1.0,False,True,False,False,False,False,False,True,False,False,False,False,False,False,True,False,False,False,False,False,False,False,False,False,False,False,False,Dropout,,False
-0.5540677512436588,1.3184875877813598,1.8522932643486287,-0.2985576917271264,7,11,15,10,14.5,0,4,9,15,8,14.0,0,0,0,0,0.9090909090909092,0.8888888888888888,1.3636363636363635,1.6666666666666667,True,False,False,True,False,False,True,False,False,True,True,False,False,False,False,True,False,False,False,False,False,False,True,False,True,False,False,Graduate,,False
0.2071731591606723,0.3326563380529896,-0.1780424410572627,-0.4303628237699172,0,7,8,7,12.728571428571428,0,0,8,8,8,14.625,0,0,1,0,1.0,1.0,1.1428571428571428,1.0,True,False,False,True,False,False,False,False,False,False,False,False,False,False,False,False,False,False,False,False,False,False,True,False,True,False,True,Graduate,,False
2.490895890373665,-0.0465095272271526,0.0567582867787921,-0.6939730878554988,0,5,0,0,0.0,0,0,5,0,0,0.0,0,0,0,1,0.0,0.0,0.0,0.0,True,True,False,False,False,False,False,False,False,False,False,True,False,True,False,True,False,False,False,True,False,False,True,False,False,False,False,Dropout,,False
-0.5540677512436588,-0.425675392507295,-0.6269261854497216,-0.4303628237699172,5,10,13,9,12.9,0,4,10,12,10,12.363636363636363,0,0,1,0,0.9,1.0,1.3,1.2,True,False,False,False,False,False,False,False,False,False,False,False,False,False,False,False,False,False,False,False,False,False,False,False,True,True,False,Graduate,Dropout,False
0.9684140695650034,1.3184875877813598,1.348162289877097,-0.4303628237699172,0,6,6,6,13.5,0,0,6,7,6,12.666666666666666,0,0,1,0,1.0,1.0,1.0,1.1666666666666667,True,False,False,False,False,True,False,False,False,False,False,False,False,False,True,False,False,False,True,False,False,False,True,False,True,True,False,Graduate,,False
-0.5540677512436588,0.0293236458288757,0.008416960459604,-0.6939730878554988,0,6,7,6,15.0,0,0,6,7,6,16.428571428571427,0,0,1,0,1.0,1.0,1.1666666666666667,1.1666666666666667,True,False,False,True,False,False,False,False,False,False,False,False,False,False,True,False,False,False,True,False,False,False,True,False,True,False,False,Graduate,Enrolled,False
-0.5540677512436588,0.2568231649969612,0.1879704582165872,-0.562167955812708,0,6,6,6,12.166666666666666,0,0,6,7,6,13.714285714285714,0,0,1,0,1.0,1.0,1.0,1.1666666666666667,True,False,False,False,False,True,False,False,False,False,False,False,False,False,False,False,False,False,True,False,False,False,False,False,True,False,False,Graduate,,False
-0.5540677512436588,-0.1981758733392096,0.8992785454846383,0.2286628364440368,0,6,0,0,0.0,0,0,6,0,0,0.0,0,1,1,1,0.0,0.0,0.0,0.0,True,True,False,False,False,True,False,True,False,False,False,False,False,False,False,False,False,False,True,False,False,False,False,False,False,False,False,Dropout,,False
-0.5540677512436588,3.593482779462214,1.7763283229899034,0.4922731005296184,0,0,0,0,0.0,0,0,0,0,0,0.0,0,1,1,1,0.0,0.0,0.0,0.0,True,True,False,False,False,True,False,False,False,False,False,False,False,False,False,False,False,False,False,False,False,False,True,True,False,False,True,Dropout,,False
-0.5540677512436588,-0.1981758733392096,0.1672527469369364,-0.0349474276415447,0,5,6,0,0.0,0,0,5,7,0,0.0,0,0,1,1,0.0,0.0,1.2,1.4,True,True,False,False,True,False,True,False,False,False,False,False,False,False,False,False,False,False,False,False,False,False,True,True,False,False,False,Dropout,,False
0.9684140695650034,0.7876553763891605,0.1396291318974001,-0.562167955812708,0,7,8,7,13.3625,0,0,8,9,8,14.444444444444445,0,0,0,0,1.0,1.0,1.1428571428571428,1.125,True,True,False,True,False,False,False,False,False,False,True,False,True,False,False,False,False,False,False,False,False,False,True,False,True,False,False,Graduate,Graduate,True
-0.5540677512436588,0.4084895111090181,0.422771186052643,-0.6939730878554988,0,6,6,6,12.5,0,0,6,6,6,12.666666666666666,0,0,1,0,1.0,1.0,1.0,1.0,True,False,False,False,False,False,False,False,False,False,False,False,False,False,False,False,False,False,False,False,False,False,False,False,True,False,False,Graduate,,False
0.9684140695650034,0.7118222033331321,0.4089593785328758,-0.6939730878554988,0,7,8,5,14.2,0,0,7,9,6,12.4,0,0,0,0,0.7142857142857143,0.8571428571428571,1.1428571428571428,1.2857142857142858,True,True,False,True,False,False,False,False,False,False,True,False,True,False,False,True,False,False,False,True,False,False,True,False,True,False,False,Dropout,Dropout,True
3.2521368007779965,0.9393217225012176,0.3468062446939196,-0.562167955812708,0,5,7,4,12.5,0,0,5,8,4,10.0,1,0,1,0,0.8,0.8,1.4,1.6,True,False,False,False,False,False,False,False,False,False,False,False,False,False,False,False,False,False,False,False,False,False,True,False,True,False,False,Graduate,,False
0.2071731591606723,-0.1981758733392096,-0.3783136500938986,0.3604679684868276,0,5,5,2,10.5,0,0,5,9,0,0.0,0,1,1,1,0.4,0.0,1.0,1.8,True,True,False,False,False,False,False,True,False,False,False,False,False,False,True,False,False,False,False,False,False,False,False,False,False,False,False,Dropout,,False
0.9684140695650034,-0.3498422194512666,-0.4473726876927384,-0.562167955812708,0,7,10,5,13.04,0,0,7,7,7,12.5,0,0,1,0,0.7142857142857143,1.0,1.4285714285714286,1.0,True,False,False,True,False,False,False,False,False,False,False,False,False,False,False,False,False,False,False,False,False,False,True,False,True,True,False,Enrolled,,False
-0.5540677512436588,-0.1981758733392096,0.2086881694962399,0.7558833646152,1,8,8,7,14.257142857142856,0,1,8,8,7,14.257142857142856,0,1,0,0,0.875,0.875,1.0,1.0,True,False,False,True,False,False,False,True,True,False,True,False,True,False,False,True,False,False,False,True,False,False,False,False,True,False,False,Graduate,Graduate,True
-0.5540677512436588,0.2568231649969612,0.1189114206177474,-0.4303628237699172,0,6,8,6,11.666666666666666,0,0,6,10,6,11.0,0,0,0,0,1.0,1.0,1.3333333333333333,1.6666666666666667,True,False,False,False,False,False,False,False,False,False,False,True,True,False,False,True,False,False,False,True,False,False,True,False,True,False,False,Dropout,Dropout,True
-0.5540677512436588,-0.7290080847314089,0.9545257755637108,0.2286628364440368,0,8,8,7,12.084285714285716,0,0,8,8,7,12.084285714285716,0,1,1,0,0.875,0.875,1.0,1.0,True,False,False,True,False,False,False,True,False,False,False,False,False,False,False,True,False,False,False,True,False,False,False,False,True,False,False,Graduate,,False
0.9684140695650034,0.1051568188849042,0.1465350356572837,-0.562167955812708,0,5,7,3,12.0,0,0,5,7,4,13.5,0,0,1,0,0.6,0.8,1.4,1.4,True,False,False,True,False,False,False,False,False,False,False,False,False,False,False,False,False,False,True,False,False,False,False,False,True,False,False,Enrolled,,False
-0.5540677512436588,0.5601558572210751,0.3675239559735723,-0.4303628237699172,0,5,9,1,10.0,0,0,5,10,1,11.0,0,0,1,0,0.2,0.2,1.8,2.0,True,False,False,False,False,False,False,False,False,False,False,False,False,False,False,False,False,False,False,False,False,False,True,False,True,False,False,Dropout,,False
-0.5540677512436588,0.0369069631344782,0.5194538386910192,3.1283757413854345,0,6,8,5,12.2,0,0,6,10,4,11.25,0,1,1,0,0.8333333333333334,0.6666666666666666,1.3333333333333333,1.6666666666666667,False,False,True,False,False,True,False,True,False,False,False,False,False,False,False,False,False,False,False,False,False,False,False,False,True,True,False,Graduate,,False
-0.5540677512436588,0.0369069631344782,0.0705700942985603,3.3919860054710163,0,5,9,3,14.0,0,0,5,8,3,13.666666666666666,0,1,1,0,0.6,0.6,1.8,1.6,False,True,False,False,False,False,False,True,False,False,False,False,False,False,False,False,False,False,False,True,False,False,False,False,True,False,False,Dropout,Graduate,False
1.7296549799693344,0.2568231649969612,0.4158652822927594,-0.562167955812708,0,7,8,5,13.98,0,0,7,8,5,13.98,0,0,1,0,0.7142857142857143,0.7142857142857143,1.1428571428571428,1.1428571428571428,True,False,False,True,False,False,False,False,False,False,False,False,False,False,False,False,False,False,False,True,False,False,True,False,True,False,False,Enrolled,Dropout,False
0.2071731591606723,-0.5015085655633235,-0.5716789553706499,-0.562167955812708,0,7,0,0,0.0,0,0,8,0,0,0.0,0,0,1,0,0.0,0.0,0.0,0.0,True,False,False,True,False,False,False,False,False,False,False,False,False,False,False,False,False,False,False,False,False,False,True,False,True,False,False,Dropout,,False
3.2521368007779965,-0.3498422194512666,-0.7236088380880977,-0.4303628237699172,0,5,8,4,11.6,0,0,5,10,3,12.333333333333334,0,0,1,0,0.8,0.6,1.6,2.0,True,False,False,False,False,False,True,False,False,False,False,False,False,False,False,False,False,False,False,False,False,False,True,False,True,False,False,Graduate,,False
-0.5540677512436588,0.1051568188849042,-0.4404667839328548,0.4922731005296184,2,6,6,6,12.333333333333334,0,0,5,5,5,13.0,0,1,1,0,1.0,1.0,1.0,1.0,True,True,True,False,False,False,False,True,False,False,False,False,False,False,True,False,False,False,False,True,False,False,True,False,True,False,False,Graduate,,False
-0.5540677512436588,-1.6390061614037503,-2.1531309163840824,2.6011552132142715,0,6,0,0,0.0,0,0,6,0,0,0.0,0,1,1,1,0.0,0.0,0.0,0.0,True,True,False,False,False,True,False,True,False,False,False,False,False,False,False,False,False,False,False,False,False,False,True,False,False,False,False,Dropout,,False
-0.5540677512436588,0.5601558572210751,0.5816069725299754,0.096857704401246,0,6,10,5,11.8,0,0,6,13,4,11.25,0,1,1,0,0.8333333333333334,0.6666666666666666,1.6666666666666667,2.1666666666666665,True,False,False,False,False,True,False,True,False,False,False,False,False,False,False,False,False,False,False,False,False,False,True,False,True,False,False,Enrolled,,False
2.490895890373665,0.6359890302771035,0.3813357634933395,-0.562167955812708,0,7,0,0,0.0,0,0,8,0,0,0.0,0,0,1,1,0.0,0.0,0.0,0.0,True,False,False,True,False,False,False,False,False,False,False,False,False,False,False,False,False,False,False,False,False,False,True,False,False,False,False,Dropout,,False
-0.5540677512436588,0.0369069631344782,-1.863082958468955,1.8103244209575264,0,5,9,0,0.0,0,0,5,5,0,0.0,5,1,1,1,0.0,0.0,1.8,1.0,True,False,True,False,False,True,False,True,False,False,False,False,False,False,False,False,True,False,False,False,True,False,True,False,False,False,False,Dropout,,False
-0.5540677512436588,-0.9565076038994944,-1.1379630636811366,1.6785192889147356,0,6,6,6,11.833333333333334,0,0,6,6,6,11.5,0,1,1,0,1.0,1.0,1.0,1.0,False,False,True,False,False,True,False,True,False,False,False,False,False,False,True,False,False,False,False,True,False,False,False,False,True,True,False,Graduate,,False
-0.5540677512436588,-1.714839334459779,-0.4819022064921583,0.4922731005296184,0,6,0,0,0.0,0,0,6,0,0,0.0,0,1,1,1,0.0,0.0,0.0,0.0,True,True,False,False,False,True,False,True,False,False,False,False,False,False,False,False,False,False,True,False,False,False,False,True,False,False,False,Dropout,,False
1.7296549799693344,0.1809899919409327,-0.0261125583398158,-0.6939730878554988,0,5,7,4,12.0,0,0,5,10,3,13.0,3,0,1,0,0.8,0.6,1.4,2.0,True,True,False,False,True,False,False,False,False,False,False,False,False,False,True,False,False,False,False,False,False,False,True,False,True,False,False,Enrolled,,False
-0.5540677512436588,0.5601558572210751,0.8992785454846383,-0.4303628237699172,1,6,13,6,12.555555555555555,0,1,6,11,5,11.8,0,0,1,0,1.0,0.8333333333333334,2.1666666666666665,1.8333333333333333,True,False,False,True,False,False,True,False,False,True,False,False,False,False,False,False,False,False,False,False,False,False,True,False,True,False,False,Enrolled,,False
-0.5540677512436588,2.9868173950139862,2.5083541215376077,-0.6939730878554988,0,6,8,6,14.5,0,0,6,11,4,13.0,0,0,1,0,1.0,0.6666666666666666,1.3333333333333333,1.8333333333333333,True,False,False,False,False,True,False,False,False,False,False,False,False,False,False,False,False,False,False,False,False,False,True,False,True,True,False,Graduate,,False
-0.5540677512436588,-1.714839334459779,-1.863082958468955,2.205739817085899,0,2,4,1,16.0,0,0,4,5,4,15.5,0,1,1,0,0.5,1.0,2.0,1.25,False,True,False,False,False,True,False,True,False,False,False,False,False,False,False,False,False,False,False,False,False,False,False,False,True,False,False,Graduate,,False
-0.5540677512436588,0.0293236458288757,-0.3783136500938986,-0.562167955812708,0,6,7,6,13.0,0,0,6,6,6,14.333333333333334,0,0,1,0,1.0,1.0,1.1666666666666667,1.0,True,False,False,False,False,False,False,False,False,False,False,False,False,False,False,False,False,False,False,False,False,False,True,False,True,True,False,Graduate,,False
1.7296549799693344,-0.6531749116753804,-0.6614557042491415,-0.562167955812708,3,10,15,5,11.8,0,4,10,14,8,12.0,0,0,1,0,0.5,0.8,1.5,1.4,True,False,False,False,False,False,False,True,False,False,False,False,False,False,False,False,False,False,False,False,False,False,False,False,True,False,False,Graduate,Graduate,True
-0.5540677512436588,-0.0465095272271526,0.1810645544567036,-0.0349474276415447,0,7,10,6,12.733333333333334,0,0,8,10,7,11.95,0,0,1,0,0.8571428571428571,0.875,1.4285714285714286,1.25,True,True,False,True,False,False,False,True,False,False,False,False,False,False,False,False,False,False,False,False,False,False,False,False,True,False,False,Graduate,,False
1.7296549799693344,0.5601558572210751,0.0015110566997204,-0.562167955812708,0,8,8,7,13.44285714285714,0,0,8,8,7,13.44285714285714,0,0,1,0,0.875,0.875,1.0,1.0,True,False,False,True,False,False,False,False,False,False,False,False,False,False,False,False,False,False,False,False,False,False,True,False,True,False,False,Graduate,,False
-0.5540677512436588,-0.0465095272271526,-0.5440553403311146,-0.6939730878554988,0,6,9,4,11.0,0,0,6,9,4,10.75,0,0,1,0,0.6666666666666666,0.6666666666666666,1.5,1.5,True,False,False,False,False,True,False,False,False,False,False,False,False,False,False,False,True,False,False,False,True,False,True,False,True,False,False,Graduate,Enrolled,False
0.9684140695650034,-0.8048412577874374,-0.7512324531276341,-0.562167955812708,0,5,10,4,11.0,0,0,5,13,2,12.0,0,0,0,1,0.8,0.4,2.0,2.6,True,True,False,False,False,False,False,False,False,False,True,False,False,False,False,True,False,False,False,False,False,False,True,True,True,False,False,Enrolled,,False
-0.5540677512436588,0.3326563380529896,0.2086881694962399,-0.2985576917271264,0,6,12,5,13.6,0,0,6,10,4,14.25,0,0,1,0,0.8333333333333334,0.6666666666666666,2.0,1.6666666666666667,True,False,False,False,False,True,False,False,False,False,False,False,False,False,True,False,False,False,False,False,False,False,True,False,True,False,False,Enrolled,,False
-0.5540677512436588,-0.425675392507295,-0.7719501644072858,-0.562167955812708,0,6,11,3,12.0,0,0,6,12,2,10.0,0,0,0,0,0.5,0.3333333333333333,1.8333333333333333,2.0,True,True,False,False,False,True,False,False,False,False,True,False,True,False,False,True,False,False,True,False,False,False,True,False,True,False,False,Dropout,,False
-0.5540677512436588,-0.5015085655633235,-0.5509612440909982,-0.6939730878554988,0,6,6,6,12.166666666666666,0,0,6,7,6,12.142857142857142,0,0,1,0,1.0,1.0,1.0,1.1666666666666667,True,False,False,False,False,True,False,False,False,False,False,False,False,False,False,False,False,False,False,False,False,False,False,False,True,True,False,Graduate,,False
-0.5540677512436588,-0.1981758733392096,0.2363117845357762,-0.562167955812708,0,7,7,7,13.894285714285711,0,0,8,8,8,14.3625,0,0,1,0,1.0,1.0,1.0,1.0,True,False,False,True,False,False,False,False,False,False,False,False,False,False,False,False,False,False,False,False,False,False,True,False,True,True,False,Graduate,,False
-0.5540677512436588,0.3326563380529896,-0.8271973944863575,0.6240782325724092,0,7,8,7,14.95,0,0,8,8,8,14.7375,0,1,0,0,1.0,1.0,1.1428571428571428,1.0,False,False,False,True,False,False,False,True,False,False,True,False,True,False,False,True,False,False,False,True,False,False,False,False,True,False,False,Graduate,,False
-0.5540677512436588,0.0369069631344782,-1.863082958468955,-0.2985576917271264,0,5,5,0,0.0,0,0,6,8,0,0.0,0,0,0,1,0.0,0.0,1.0,1.3333333333333333,True,True,False,False,True,False,False,True,False,False,False,False,True,False,True,False,False,False,False,False,False,False,False,True,True,False,True,Dropout,,False
0.9684140695650034,-0.8806744308434659,-0.0744538846590029,-0.1667525596843355,0,6,10,4,10.0,0,0,6,12,2,13.5,0,0,1,0,0.6666666666666666,0.3333333333333333,1.6666666666666667,2.0,True,False,False,False,False,False,False,False,False,False,False,False,False,False,False,False,False,False,False,False,False,False,True,False,True,False,False,Enrolled,,False
-0.5540677512436588,0.0369069631344782,-1.1724925824805563,-0.2985576917271264,0,6,8,6,13.285714285714286,0,0,6,11,6,13.0,0,0,1,0,1.0,1.0,1.3333333333333333,1.8333333333333333,True,False,False,True,False,False,False,False,False,False,False,False,False,False,True,False,False,False,False,False,False,False,True,False,True,True,False,Graduate,,False
-0.5540677512436588,0.5601558572210751,0.8992785454846383,0.3604679684868276,0,5,9,0,0.0,0,0,5,10,0,0.0,0,1,1,1,0.0,0.0,1.8,2.0,True,False,True,False,False,True,True,False,True,False,False,False,False,False,False,False,False,False,True,False,False,False,False,False,False,False,False,Dropout,,False
-0.5540677512436588,0.0369069631344782,-0.4819022064921583,1.1512987607435723,1,6,15,2,12.0,0,0,6,7,0,0.0,0,1,0,1,0.3333333333333333,0.0,2.5,1.1666666666666667,True,True,False,False,False,False,False,True,False,False,True,False,False,False,False,True,False,False,False,False,False,False,False,True,True,False,False,Dropout,,False
-0.5540677512436588,0.1051568188849042,0.2915590146148469,-0.562167955812708,0,5,8,1,11.0,0,0,5,6,5,11.2,0,0,1,0,0.2,1.0,1.6,1.2,True,False,False,True,False,False,False,False,False,False,False,False,False,False,False,True,False,False,False,False,False,False,False,False,True,False,False,Enrolled,Graduate,False
-0.5540677512436588,-1.1840071230675795,-1.0965276411218332,-0.562167955812708,0,6,6,4,11.25,0,0,6,6,3,11.333333333333334,0,0,1,1,0.6666666666666666,0.5,1.0,1.0,True,True,False,False,False,True,False,False,False,False,False,False,False,False,False,False,False,False,False,False,False,False,False,True,True,False,False,Dropout,,False
2.490895890373665,-1.1840071230675795,0.2777472070950798,-0.2985576917271264,0,6,6,1,14.0,0,0,6,7,0,0.0,7,0,1,1,0.1666666666666666,0.0,1.0,1.1666666666666667,True,True,False,False,False,True,False,False,False,False,False,False,False,False,True,False,False,False,True,False,False,False,True,True,False,False,False,Dropout,,False
-0.5540677512436588,-0.1981758733392096,0.2086881694962399,0.4922731005296184,0,8,8,7,14.414285714285716,0,0,8,8,7,14.414285714285716,0,1,1,0,0.875,0.875,1.0,1.0,True,False,False,True,False,False,True,False,True,False,False,False,False,False,False,False,False,False,False,False,False,False,True,False,True,False,False,Graduate,,False
-0.5540677512436588,-0.1223427002831811,0.0636641905386767,-0.6939730878554988,0,7,7,7,14.857142857142858,0,0,7,7,7,15.142857142857142,0,0,1,0,1.0,1.0,1.0,1.0,True,False,False,False,False,True,False,False,False,False,False,False,False,False,False,True,False,False,False,False,False,False,True,False,True,True,False,Graduate,,False
-0.5540677512436588,-0.9565076038994944,2.0042231470660754,1.2831038927863632,0,5,5,5,14.2,0,0,5,6,5,13.833333333333334,0,1,1,0,1.0,1.0,1.0,1.2,False,True,True,False,False,False,False,True,False,False,False,False,False,False,True,False,False,False,False,True,False,False,True,False,True,False,False,Graduate,,False
-0.5540677512436588,-0.577341738619352,-0.8341032982462411,-0.562167955812708,0,6,13,6,11.5,0,0,6,9,5,12.2,0,0,1,0,1.0,0.8333333333333334,2.1666666666666665,1.5,True,False,False,False,False,True,False,False,False,False,False,False,False,False,False,True,False,False,False,False,False,False,False,False,True,True,False,Graduate,,False
-0.5540677512436588,-1.714839334459779,0.6921014326881187,0.8876884966579909,0,5,5,0,0.0,0,0,5,5,0,0.0,0,1,1,1,0.0,0.0,1.0,1.0,False,True,False,False,True,False,False,True,False,False,False,False,False,False,False,False,True,False,True,False,False,False,False,True,True,False,False,Dropout,,False
-0.5540677512436588,0.0369069631344782,0.0843819018183274,0.6240782325724092,0,5,8,3,12.0,0,0,5,10,3,11.333333333333334,0,1,1,0,0.6,0.6,1.6,2.0,True,True,False,True,False,False,False,True,False,False,False,False,False,False,False,False,False,True,False,False,False,False,False,False,True,False,False,Dropout,,False
-0.5540677512436588,1.166821241669303,1.1271733695608104,-0.6939730878554988,0,7,7,7,13.44285714285714,0,0,8,8,8,15.075,0,0,1,0,1.0,1.0,1.0,1.0,True,False,False,True,False,False,False,False,False,False,False,False,False,False,False,False,False,False,False,False,False,False,False,False,True,True,False,Graduate,,False
-0.5540677512436588,0.7118222033331321,0.2639353995753126,-0.6939730878554988,0,5,9,3,13.666666666666666,1,0,5,5,5,12.0,0,0,0,0,0.6,1.0,1.8,1.0,True,False,False,True,False,False,False,False,False,False,True,False,False,False,True,False,False,False,True,False,False,False,True,False,True,False,False,Graduate,,False
-0.5540677512436588,1.3943207608373882,1.6589279590718764,0.3604679684868276,0,5,6,0,0.0,0,0,5,5,0,0.0,0,1,1,1,0.0,0.0,1.2,1.0,True,False,False,False,True,False,True,False,False,True,False,False,False,False,True,False,False,False,False,False,False,False,False,True,True,False,False,Dropout,Graduate,False
-0.5540677512436588,0.5601558572210751,0.2086881694962399,0.4922731005296184,0,6,6,6,14.166666666666666,0,0,6,7,6,13.833333333333334,0,1,0,0,1.0,1.0,1.0,1.1666666666666667,True,True,False,False,False,True,False,True,False,False,True,False,False,False,True,False,False,False,False,False,False,False,False,False,True,False,False,Graduate,,False
-0.5540677512436588,0.7876553763891605,0.2501235920555434,-0.4303628237699172,0,7,8,7,12.847142857142858,0,0,8,10,8,13.788888888888888,0,0,1,0,1.0,1.0,1.1428571428571428,1.25,True,False,False,True,False,False,False,False,False,False,False,False,False,False,False,False,False,False,False,False,False,False,True,False,True,False,False,Graduate,Graduate,True
-0.5540677512436588,-2.473171065020064,-1.863082958468955,4.05101166568497,13,15,20,13,12.461538461538462,1,10,13,13,10,11.1,1,1,1,0,0.8666666666666667,0.7692307692307693,1.3333333333333333,1.0,False,False,False,False,False,False,False,True,False,False,False,False,False,False,False,False,False,False,False,False,False,False,True,False,True,False,False,Dropout,,False
-0.5540677512436588,1.3184875877813598,0.8923726417247547,0.096857704401246,0,6,9,5,13.0,0,0,6,6,6,14.166666666666666,0,1,1,0,0.8333333333333334,1.0,1.5,1.0,False,False,True,False,False,True,False,False,False,False,False,False,False,False,True,False,False,False,False,False,False,False,True,False,True,False,False,Graduate,Graduate,True
-0.5540677512436588,1.166821241669303,0.2708413033351962,0.6240782325724092,0,5,5,0,0.0,0,0,5,6,0,0.0,0,1,1,1,0.0,0.0,1.0,1.2,False,True,True,False,False,False,False,True,False,False,False,False,False,False,False,False,False,False,True,False,False,False,False,False,False,False,False,Dropout,,False
-0.5540677512436588,-0.9565076038994944,0.5125479349311356,0.096857704401246,0,6,7,6,15.714285714285714,0,0,6,10,6,15.9,0,1,1,0,1.0,1.0,1.1666666666666667,1.6666666666666667,True,True,False,False,False,True,False,True,False,False,False,False,False,False,True,False,False,False,False,False,False,False,False,False,True,False,False,Dropout,,False
0.2071731591606723,-0.1981758733392096,-0.371407746334015,-0.6939730878554988,0,6,9,1,10.0,1,0,6,6,0,0.0,0,0,1,0,0.1666666666666666,0.0,1.5,1.0,True,False,False,False,False,False,False,False,False,False,False,False,False,False,False,False,False,False,False,False,False,False,True,False,True,True,False,Dropout,,False
-0.5540677512436588,-0.8806744308434659,-1.0412804110427605,-0.4303628237699172,0,6,14,2,10.5,0,0,6,16,0,0.0,0,0,1,1,0.3333333333333333,0.0,2.333333333333333,2.6666666666666665,True,True,False,False,False,False,False,False,False,False,False,False,False,False,True,False,False,False,True,False,False,False,True,False,False,False,False,Dropout,,False
-0.5540677512436588,1.3184875877813598,1.5898689214730366,-0.2985576917271264,0,6,15,5,11.857142857142858,0,0,6,17,5,10.571428571428571,0,0,0,0,0.8333333333333334,0.8333333333333334,2.5,2.833333333333333,True,True,False,False,False,True,True,False,False,True,True,False,True,False,True,False,False,False,False,True,False,False,False,False,True,False,False,Enrolled,Dropout,False
-0.5540677512436588,-0.5015085655633235,-0.5233376290514619,-0.562167955812708,0,6,6,6,12.666666666666666,0,0,6,6,6,11.666666666666666,0,0,1,0,1.0,1.0,1.0,1.0,True,False,True,False,False,True,False,False,False,False,False,False,False,False,False,False,False,False,False,False,False,False,False,False,True,False,False,Graduate,Graduate,True
-0.5540677512436588,0.5601558572210751,-0.620020281689838,2.8647654772998528,0,6,6,6,13.5,0,0,6,6,0,0.0,0,1,1,1,1.0,0.0,1.0,1.0,True,True,False,False,False,True,False,True,False,False,False,False,False,False,False,False,False,False,False,False,False,False,False,True,True,True,False,Dropout,,False
1.7296549799693344,-0.2740090463952381,-0.2678191899357552,-0.562167955812708,0,6,7,6,12.0,0,0,6,7,6,12.428571428571429,0,0,1,0,1.0,1.0,1.1666666666666667,1.1666666666666667,True,False,False,False,False,True,False,False,False,False,False,False,False,False,True,False,False,False,False,False,False,False,True,False,True,False,False,Graduate,,False
0.2071731591606723,-0.0465095272271526,0.0843819018183274,-0.562167955812708,0,6,7,6,12.333333333333334,0,0,6,6,6,13.5,0,0,0,0,1.0,1.0,1.1666666666666667,1.0,True,False,False,False,False,True,False,False,False,False,False,False,True,False,False,False,False,False,False,True,False,False,True,False,True,True,False,Graduate,,False
-0.5540677512436588,0.0369069631344782,-0.6338320892096062,2.996570609342644,0,7,14,3,12.333333333333334,0,0,7,12,3,11.083333333333334,0,1,1,1,0.4285714285714285,0.4285714285714285,2.0,1.7142857142857142,False,False,False,True,False,False,False,True,False,False,False,False,False,False,False,False,False,False,False,False,False,False,False,True,False,False,False,Dropout,,False
-0.5540677512436588,-1.714839334459779,1.6589279590718764,3.1283757413854345,0,7,7,0,0.0,7,0,8,8,0,0.0,8,1,1,1,0.0,0.0,1.0,1.0,False,True,False,True,False,False,False,True,False,False,False,False,False,False,True,False,False,False,True,False,False,False,False,True,False,False,False,Dropout,,False
-0.5540677512436588,-1.1840071230675795,-1.2208339087997446,-0.4303628237699172,0,5,10,4,12.5,0,0,5,12,2,13.0,0,0,1,0,0.8,0.4,2.0,2.4,True,False,False,False,False,True,False,False,False,False,False,False,False,False,False,False,False,False,False,False,False,False,True,False,True,False,False,Enrolled,,False
-0.5540677512436588,-0.1981758733392096,-0.4819022064921583,-0.2985576917271264,0,5,9,5,12.8,0,0,5,11,3,12.666666666666666,0,0,1,0,1.0,0.6,1.8,2.2,True,False,False,False,False,False,False,True,False,False,False,False,False,False,True,False,False,False,True,False,False,False,False,False,True,False,False,Enrolled,Graduate,False
-0.5540677512436588,2.228485664453701,0.3468062446939196,0.2286628364440368,0,5,8,4,11.0,0,0,5,7,4,12.0,0,1,1,1,0.8,0.8,1.6,1.4,False,True,True,False,False,False,False,True,False,False,False,False,False,False,False,False,False,False,False,False,False,False,False,True,True,False,False,Enrolled,,False
0.9684140695650034,0.4084895111090181,-0.1089834034584228,-0.562167955812708,0,5,10,3,13.333333333333334,0,0,5,9,4,10.75,0,0,0,0,0.6,0.8,2.0,1.8,True,True,False,False,True,False,False,False,False,False,True,False,True,False,False,True,False,False,True,False,False,False,True,False,True,False,False,Dropout,Enrolled,False
0.9684140695650034,1.6218202800054735,0.540171549970672,-0.562167955812708,0,7,7,6,13.533333333333331,0,0,7,7,6,13.533333333333331,0,0,1,0,0.8571428571428571,0.8571428571428571,1.0,1.0,True,False,False,True,False,False,False,False,False,False,False,False,False,False,True,False,False,False,False,False,False,False,True,False,True,False,False,Graduate,,False
-0.5540677512436588,1.166821241669303,0.540171549970672,-0.6939730878554988,0,7,7,6,13.35,0,0,7,7,6,13.35,0,0,1,0,0.8571428571428571,0.8571428571428571,1.0,1.0,True,True,False,True,False,False,False,False,False,False,False,False,False,False,False,False,False,False,False,False,False,False,True,False,True,False,False,Graduate,,False
-0.5540677512436588,0.0369069631344782,0.588512876289859,4.578232193856134,0,6,6,0,0.0,0,0,6,6,0,0.0,0,1,1,0,0.0,0.0,1.0,1.0,True,False,True,False,False,True,False,True,False,False,False,False,False,False,False,False,False,False,True,False,False,False,False,False,True,False,False,Dropout,,False
-0.5540677512436588,-0.577341738619352,0.1050996130979802,-0.4303628237699172,0,6,13,1,14.0,0,0,6,7,0,0.0,0,0,1,0,0.1666666666666666,0.0,2.1666666666666665,1.1666666666666667,True,True,False,False,False,True,False,False,False,False,False,False,False,False,True,False,False,False,True,False,False,False,False,False,True,False,False,Dropout,,False
-0.5540677512436588,0.1051568188849042,0.3191826296543833,-0.562167955812708,0,6,10,5,11.8,0,0,6,10,5,12.0,0,0,1,0,0.8333333333333334,0.8333333333333334,1.6666666666666667,1.6666666666666667,True,False,False,False,False,True,False,False,False,False,False,False,False,False,False,False,False,False,False,False,False,False,True,False,True,False,False,Graduate,Graduate,True
-0.5540677512436588,0.0369069631344782,-0.620020281689838,0.4922731005296184,0,6,7,6,14.0,0,0,6,7,6,14.714285714285714,0,1,1,0,1.0,1.0,1.1666666666666667,1.1666666666666667,True,True,False,False,False,False,False,True,False,False,False,False,False,False,False,True,False,False,False,False,False,False,False,False,True,False,False,Graduate,Dropout,False
-0.5540677512436588,0.0369069631344782,0.2086881694962399,0.096857704401246,0,6,7,6,14.857142857142858,0,0,6,10,5,13.6,0,1,1,0,1.0,0.8333333333333334,1.1666666666666667,1.6666666666666667,True,False,False,True,False,False,False,True,False,False,False,False,False,False,False,False,False,False,False,False,False,False,True,False,True,False,False,Graduate,,False
-0.5540677512436588,0.5601558572210751,1.33435048235733,-0.6939730878554988,0,0,0,0,0.0,0,0,0,0,0,0.0,0,0,1,0,0.0,0.0,0.0,0.0,True,False,False,False,False,True,False,False,False,False,False,False,False,False,True,False,False,False,False,False,False,False,True,False,True,True,True,Dropout,,False
1.7296549799693344,-0.3498422194512666,-0.122795210978191,-0.6939730878554988,0,7,7,7,14.682857142857143,0,0,8,9,8,15.055555555555555,0,0,1,0,1.0,1.0,1.0,1.125,True,True,False,True,False,False,False,False,False,False,False,False,False,False,True,False,False,False,False,False,False,False,True,False,True,True,False,Graduate,Graduate,True
-0.5540677512436588,0.0369069631344782,-1.3106106576782364,1.2831038927863632,0,7,7,7,12.857142857142858,0,0,7,8,6,12.666666666666666,0,1,1,1,1.0,0.8571428571428571,1.0,1.1428571428571428,False,False,False,False,False,True,False,True,False,False,False,False,False,False,False,False,False,False,False,False,False,False,False,True,False,False,False,Enrolled,,False
-0.5540677512436588,-0.425675392507295,-0.5993025704101862,-0.6939730878554988,0,6,7,6,12.333333333333334,0,0,6,10,3,12.0,0,0,1,0,1.0,0.5,1.1666666666666667,1.6666666666666667,True,False,False,False,False,False,False,False,False,False,False,False,False,False,True,False,False,False,False,False,False,False,True,False,True,False,False,Enrolled,,False
-0.5540677512436588,0.7876553763891605,0.1396291318974001,-0.6939730878554988,0,8,8,7,13.105714285714283,0,0,8,8,7,13.105714285714283,0,0,0,0,0.875,0.875,1.0,1.0,True,True,False,True,False,False,False,False,False,False,True,False,True,False,False,True,False,False,False,True,False,False,False,False,True,False,False,Graduate,Graduate,True
-0.5540677512436588,-2.473171065020064,-0.4819022064921583,3.1283757413854345,1,7,16,6,12.514285714285716,0,0,7,15,4,11.75,0,1,1,0,0.8571428571428571,0.5714285714285714,2.2857142857142856,2.142857142857143,False,False,False,True,False,False,False,True,False,False,False,False,False,False,False,False,False,False,False,False,False,False,False,False,True,False,False,Dropout,,False
0.2071731591606723,2.000986145285616,1.6589279590718764,-0.6939730878554988,0,6,6,6,14.833333333333334,0,0,6,6,6,15.333333333333334,0,0,1,0,1.0,1.0,1.0,1.0,True,False,False,False,False,True,False,False,False,False,False,False,False,False,False,True,False,False,False,True,False,False,True,False,True,False,False,Graduate,,False
-0.5540677512436588,2.8351510489019294,-1.0619981223224133,1.546714156871945,1,5,5,1,14.0,0,0,5,5,0,0.0,0,1,1,0,0.2,0.0,1.0,1.0,True,True,False,False,False,False,False,True,False,True,False,False,False,False,False,False,True,False,False,False,True,False,False,False,True,False,False,Dropout,,False
-0.5540677512436588,0.2568231649969612,-0.0537361733793512,-0.1667525596843355,0,6,10,5,11.4,0,0,6,8,5,11.0,0,0,0,0,0.8333333333333334,0.8333333333333334,1.6666666666666667,1.3333333333333333,True,True,False,False,False,True,False,False,False,False,True,False,True,False,False,True,False,False,False,True,False,False,False,False,True,False,False,Graduate,,False
-0.5540677512436588,0.3326563380529896,0.0636641905386767,-0.6939730878554988,0,7,10,5,13.46,0,0,7,8,7,12.2375,0,0,1,0,0.7142857142857143,1.0,1.4285714285714286,1.1428571428571428,True,False,False,True,False,False,False,False,False,False,False,False,False,False,False,False,False,False,False,False,False,False,True,False,True,True,False,Dropout,,False
-0.5540677512436588,-2.473171065020064,2.971049673449833,2.8647654772998528,0,5,6,5,14.833333333333334,0,0,5,5,5,14.8,0,1,1,0,1.0,1.0,1.2,1.0,False,True,False,False,False,False,False,True,False,False,False,False,False,False,False,False,False,False,True,False,False,False,False,False,True,False,False,Graduate,,False
-0.5540677512436588,-0.1223427002831811,-0.3230664200148269,-0.562167955812708,0,5,6,5,11.5,0,0,5,5,5,11.6,0,0,1,0,1.0,1.0,1.2,1.0,True,True,False,False,False,False,False,False,False,False,False,False,False,False,True,False,False,False,False,False,False,False,False,False,True,False,False,Graduate,,False
-0.5540677512436588,0.5601558572210751,1.1271733695608104,-0.0349474276415447,7,12,19,9,13.666666666666666,0,4,9,15,6,13.5,0,0,1,1,0.75,0.6666666666666666,1.5833333333333333,1.6666666666666667,True,False,False,True,False,False,True,False,False,True,False,False,False,False,True,False,False,False,True,False,False,False,True,False,False,False,False,Enrolled,Dropout,False
-0.5540677512436588,2.076819318341645,-0.4819022064921583,0.8876884966579909,4,7,9,7,14.142857142857142,0,1,5,5,5,14.8,0,1,0,0,1.0,1.0,1.2857142857142858,1.0,True,False,True,False,False,False,False,True,False,False,False,False,True,False,True,False,False,False,False,True,False,False,False,False,True,False,False,Graduate,Graduate,True
0.9684140695650034,2.152652491397673,0.754254566527075,-0.4303628237699172,0,6,6,6,12.5,0,0,6,7,5,11.8,0,0,1,1,1.0,0.8333333333333334,1.0,1.1666666666666667,True,False,False,False,False,True,False,False,False,False,False,False,False,False,False,False,False,False,False,False,False,False,False,True,False,True,True,Graduate,,False
-0.5540677512436588,0.2568231649969612,0.3813357634933395,-0.1667525596843355,1,6,7,4,12.75,0,1,6,8,5,13.0,0,0,1,1,0.6666666666666666,0.8333333333333334,1.1666666666666667,1.3333333333333333,True,False,True,False,False,True,False,False,False,False,False,False,False,False,True,False,False,False,False,False,False,False,False,True,True,True,False,Graduate,,False
-0.5540677512436588,2.076819318341645,0.9614316793235944,3.5237911375138067,7,11,11,11,13.545454545454543,0,3,7,7,7,13.571428571428571,0,1,0,0,1.0,1.0,1.0,1.0,False,False,True,False,False,True,False,True,False,False,False,False,False,True,False,False,False,False,True,False,False,False,False,False,True,False,False,Graduate,Enrolled,False
-0.5540677512436588,0.3326563380529896,-0.3230664200148269,-0.562167955812708,0,0,0,0,0.0,0,0,0,0,0,0.0,0,0,0,0,0.0,0.0,0.0,0.0,True,False,False,False,False,True,False,False,False,False,True,False,False,False,False,True,False,False,False,False,False,False,False,False,True,False,False,Dropout,Dropout,True
1.7296549799693344,0.5601558572210751,0.3191826296543833,-0.6939730878554988,0,7,8,7,13.135,0,0,8,9,8,13.244444444444444,0,0,1,0,1.0,1.0,1.1428571428571428,1.125,True,False,False,True,False,False,False,False,False,False,False,False,False,False,False,True,False,False,False,False,False,False,True,False,True,False,False,Graduate,,False
-0.5540677512436588,0.5601558572210751,1.5898689214730366,1.414909024829154,0,6,9,0,0.0,0,0,6,6,0,0.0,0,1,1,0,0.0,0.0,1.5,1.0,False,True,False,False,False,True,False,True,False,False,False,False,False,False,False,False,False,False,False,False,False,False,True,False,True,False,False,Dropout,Graduate,False
-0.5540677512436588,0.3326563380529896,0.2639353995753126,-0.6939730878554988,0,7,7,6,12.666666666666666,0,0,7,7,6,12.666666666666666,0,0,1,0,0.8571428571428571,0.8571428571428571,1.0,1.0,True,False,False,True,False,False,False,False,False,False,False,False,False,False,False,False,False,False,False,False,False,False,True,False,True,True,False,Graduate,,False
-0.5540677512436588,-0.9565076038994944,-0.4819022064921583,1.1512987607435723,4,10,20,4,11.5,2,3,9,13,3,11.666666666666666,2,1,1,0,0.4,0.3333333333333333,2.0,1.4444444444444444,True,False,False,True,False,False,True,False,True,False,False,False,False,False,False,False,False,False,False,False,False,False,False,False,True,False,False,Dropout,,False
0.9684140695650034,0.2568231649969612,0.0222287679793722,-0.562167955812708,0,5,8,3,11.0,0,0,5,7,2,10.0,0,0,1,0,0.6,0.4,1.6,1.4,True,True,False,False,False,False,False,False,False,False,False,False,False,False,False,False,False,False,False,False,False,False,True,False,True,False,False,Dropout,,False
0.9684140695650034,-0.8048412577874374,-0.8755387208055456,-0.6939730878554988,0,6,8,6,13.875,0,0,6,7,6,13.714285714285714,0,0,1,0,1.0,1.0,1.3333333333333333,1.1666666666666667,True,False,False,False,False,False,False,False,False,False,False,False,False,False,False,True,False,False,False,True,False,False,True,False,True,False,False,Graduate,,False
-0.5540677512436588,0.1051568188849042,0.6782896251683516,-0.4303628237699172,0,5,8,5,12.8,0,0,5,9,4,13.666666666666666,1,0,1,0,1.0,0.8,1.6,1.8,True,True,False,True,False,False,False,False,False,False,False,False,False,False,False,False,False,False,False,False,False,False,True,False,True,False,False,Graduate,,False
0.2071731591606723,-0.9565076038994944,-0.3783136500938986,-0.1667525596843355,11,14,14,12,12.333333333333334,2,11,14,14,12,12.333333333333334,2,0,1,1,0.8571428571428571,0.8571428571428571,1.0,1.0,True,False,False,True,False,False,False,True,False,False,False,False,False,False,False,False,False,True,False,False,True,False,False,True,True,False,False,Graduate,,False
-0.5540677512436588,-1.0323407769555228,-0.5026199177718101,-0.4303628237699172,0,5,6,3,13.0,0,0,5,7,3,13.0,1,0,1,0,0.6,0.6,1.2,1.4,True,False,False,False,False,False,False,False,False,False,False,False,False,False,False,False,False,False,False,False,False,False,True,False,True,False,False,Enrolled,,False
0.2071731591606723,0.7118222033331321,0.4089593785328758,-0.6939730878554988,0,6,8,6,12.333333333333334,0,0,6,11,3,12.333333333333334,0,0,1,0,1.0,0.5,1.3333333333333333,1.8333333333333333,True,True,False,False,False,True,False,False,False,False,False,False,False,False,False,False,False,False,False,False,False,False,True,False,True,False,False,Graduate,Dropout,False
-0.5540677512436588,0.0293236458288757,-0.0192066545799312,-0.562167955812708,0,7,12,4,12.45,0,0,7,11,5,11.7,0,0,0,0,0.5714285714285714,0.7142857142857143,1.7142857142857142,1.5714285714285714,True,False,False,True,False,False,False,False,False,False,True,False,False,False,False,True,False,False,False,False,False,False,False,False,True,False,False,Enrolled,Dropout,False
3.2521368007779965,-1.1840071230675795,-0.8548210095258938,-0.562167955812708,0,6,9,4,11.25,0,0,6,11,3,10.166666666666666,0,0,1,1,0.6666666666666666,0.5,1.5,1.8333333333333333,True,True,False,False,False,False,False,False,False,False,False,False,False,False,False,False,True,False,False,True,False,False,False,False,False,False,False,Dropout,,False
-0.5540677512436588,0.5601558572210751,0.8992785454846383,0.8876884966579909,0,6,6,1,10.0,0,0,6,6,0,0.0,0,1,1,1,0.1666666666666666,0.0,1.0,1.0,False,True,False,False,False,True,True,False,True,False,False,False,False,False,False,False,False,False,False,False,False,False,False,False,False,False,False,Dropout,,False
2.490895890373665,-0.577341738619352,-0.3023487087351751,-0.1667525596843355,0,6,6,1,11.0,0,0,6,6,0,0.0,0,0,1,0,0.1666666666666666,0.0,1.0,1.0,True,True,False,False,False,True,False,False,False,False,False,False,False,False,True,False,False,False,True,False,False,False,True,False,True,False,False,Enrolled,,False
-0.5540677512436588,0.0369069631344782,-1.448728732875916,3.2601808734282254,0,6,9,5,13.0,0,0,6,10,4,12.5,0,1,1,0,0.8333333333333334,0.6666666666666666,1.5,1.6666666666666667,False,False,True,False,False,True,False,True,False,True,False,False,False,False,False,False,True,False,False,False,True,False,True,False,True,False,False,Enrolled,,False
-0.5540677512436588,-0.3498422194512666,0.6023246838096262,-0.562167955812708,0,6,7,5,13.2,0,0,6,10,5,13.25,0,0,1,0,0.8333333333333334,0.8333333333333334,1.1666666666666667,1.6666666666666667,True,True,False,False,False,False,False,False,False,False,False,False,False,False,False,False,False,False,False,False,False,False,True,False,True,False,False,Enrolled,,False
-0.5540677512436588,-0.577341738619352,-0.3023487087351751,-0.2985576917271264,0,5,7,5,11.166666666666666,0,0,5,5,4,11.0,0,0,1,0,1.0,0.8,1.4,1.0,True,True,False,False,False,False,False,False,False,False,False,False,False,False,False,False,False,False,True,False,False,False,False,False,True,False,False,Dropout,,False
-0.5540677512436588,0.0293236458288757,-1.863082958468955,-0.4303628237699172,1,8,8,7,11.571428571428571,0,1,8,8,7,11.571428571428571,0,0,1,0,0.875,0.875,1.0,1.0,True,False,False,True,False,False,False,True,False,False,False,False,False,False,True,False,False,False,True,False,False,False,False,False,True,False,False,Graduate,,False
-0.5540677512436588,1.3184875877813598,1.5898689214730366,-0.0349474276415447,1,6,14,5,14.428571428571429,0,1,6,7,6,13.428571428571429,0,0,1,0,0.8333333333333334,1.0,2.333333333333333,1.1666666666666667,True,False,False,True,False,False,True,False,False,True,False,False,False,False,False,False,False,False,False,False,False,False,True,False,True,False,False,Graduate,,False
-0.5540677512436588,-0.8806744308434659,-0.4473726876927384,-0.2985576917271264,0,8,8,7,12.91,0,0,8,8,7,12.91,0,0,1,0,0.875,0.875,1.0,1.0,True,False,False,True,False,False,False,False,False,False,False,False,False,False,True,False,False,False,False,True,False,False,True,False,True,False,False,Graduate,,False
-0.5540677512436588,-0.3498422194512666,-1.863082958468955,-0.4303628237699172,0,7,8,7,13.1,0,0,8,8,8,14.8125,0,0,1,0,1.0,1.0,1.1428571428571428,1.0,True,False,False,True,False,False,False,True,False,False,False,False,False,False,False,False,False,False,False,False,False,False,True,False,True,False,False,Graduate,,False
-0.5540677512436588,-2.473171065020064,-1.082715833602065,0.2286628364440368,0,6,7,6,13.333333333333334,0,0,6,6,6,13.5,0,1,1,1,1.0,1.0,1.1666666666666667,1.0,False,False,True,False,False,True,False,True,False,False,False,False,False,False,False,False,True,False,False,False,False,False,False,True,False,False,False,Graduate,,False
-0.5540677512436588,0.2568231649969612,0.4780184161317157,-0.4303628237699172,0,5,7,4,13.0,0,0,5,11,3,12.0,2,0,1,1,0.8,0.6,1.4,2.2,True,True,False,False,False,True,False,False,False,False,False,False,False,False,False,False,False,True,False,False,False,False,True,False,False,False,False,Dropout,,False
-0.5540677512436588,0.0369069631344782,0.2086881694962399,1.0194936287007816,0,6,11,0,0.0,0,0,5,10,0,0.0,0,1,1,0,0.0,0.0,1.8333333333333333,2.0,False,False,False,False,False,True,False,True,False,False,False,False,False,False,False,False,False,False,False,False,False,False,True,False,True,False,False,Enrolled,,False
0.9684140695650034,-0.577341738619352,-0.3783136500938986,-0.562167955812708,0,6,10,5,11.666666666666666,0,0,6,12,4,11.0,0,0,1,0,0.8333333333333334,0.6666666666666666,1.6666666666666667,2.0,True,False,False,False,False,True,False,False,False,False,False,False,False,False,False,False,False,False,False,False,False,False,False,False,True,False,False,Graduate,Dropout,False
0.2071731591606723,0.1809899919409327,-0.2401955748962189,-0.1667525596843355,0,6,12,0,0.0,0,0,6,6,0,0.0,0,0,0,0,0.0,0.0,2.0,1.0,True,True,False,False,False,False,False,True,False,False,True,False,False,False,False,True,False,False,False,False,False,False,True,False,True,False,False,Dropout,,False
-0.5540677512436588,-0.3498422194512666,-0.336878227534595,-0.6939730878554988,0,5,11,4,11.571428571428571,0,0,5,9,5,12.0,0,0,1,0,0.8,1.0,2.2,1.8,True,False,False,False,False,False,False,False,False,False,False,False,False,False,True,False,False,False,False,False,False,False,False,False,True,True,False,Enrolled,,False
3.2521368007779965,0.5601558572210751,0.4365829935724122,-0.8257782198982896,0,8,8,8,13.41625,0,0,8,8,8,13.41625,0,0,1,0,1.0,1.0,1.0,1.0,True,False,False,True,False,False,False,False,False,False,False,False,False,False,False,True,False,False,True,False,False,False,True,False,True,True,False,Graduate,,False
-0.5540677512436588,0.5601558572210751,1.3412563861172135,-0.6939730878554988,0,5,5,5,12.6,0,0,5,7,5,11.6,0,0,0,0,1.0,1.0,1.0,1.4,True,False,False,True,False,False,False,False,False,False,True,False,True,False,False,True,False,False,False,True,False,False,False,False,True,False,False,Graduate,,False
0.9684140695650034,1.3184875877813598,0.2639353995753126,-0.6939730878554988,0,8,8,7,13.614285714285714,0,0,8,8,7,13.614285714285714,0,0,1,0,0.875,0.875,1.0,1.0,True,False,False,True,False,False,False,False,False,False,False,False,False,False,False,True,False,False,False,True,False,False,True,False,True,False,False,Graduate,,False
-0.5540677512436588,-0.1981758733392096,0.2086881694962399,1.1512987607435723,8,14,18,13,12.846153846153848,0,7,11,19,10,12.8,0,1,1,0,0.9285714285714286,0.9090909090909092,1.2857142857142858,1.7272727272727273,False,False,True,False,False,True,True,False,True,False,False,False,False,False,False,True,False,False,False,False,False,False,False,False,True,False,False,Graduate,,False
-0.5540677512436588,-1.1840071230675795,0.0636641905386767,-0.4303628237699172,0,6,6,0,0.0,0,0,6,6,0,0.0,0,0,1,0,0.0,0.0,1.0,1.0,True,True,False,False,False,True,False,False,False,False,False,False,False,False,True,False,False,False,False,False,False,False,True,False,True,False,False,Dropout,,False
0.9684140695650034,0.0369069631344782,-0.6890793192886778,-0.2985576917271264,0,6,8,6,12.666666666666666,0,0,6,7,6,12.428571428571429,0,0,0,0,1.0,1.0,1.3333333333333333,1.1666666666666667,True,False,False,False,False,True,False,False,False,False,False,True,False,False,False,True,False,False,False,True,False,False,True,False,True,False,False,Graduate,,False
-0.5540677512436588,0.5601558572210751,0.6092305875695118,0.2286628364440368,14,15,16,15,10.8,0,13,14,14,14,11.357142857142858,0,1,1,0,1.0,1.0,1.0666666666666669,1.0,True,True,True,False,False,False,False,True,False,False,False,False,False,False,False,False,False,False,False,False,False,False,True,False,True,False,False,Graduate,,False
0.2071731591606723,0.5601558572210751,-1.3106106576782364,3.5237911375138067,0,5,12,3,13.333333333333334,1,0,5,8,5,12.2,0,1,1,0,0.6,1.0,2.4,1.6,False,False,False,False,False,False,False,True,False,False,False,False,False,False,False,False,False,False,False,False,False,False,False,False,True,False,False,Enrolled,,False
-0.5540677512436588,0.0293236458288757,-0.0192066545799312,-0.6939730878554988,0,6,9,5,11.833333333333334,0,0,6,6,4,12.0,0,0,1,0,0.8333333333333334,0.6666666666666666,1.5,1.0,True,False,False,False,False,True,False,False,False,False,False,False,False,False,False,False,False,False,False,False,False,False,True,False,True,False,False,Enrolled,Graduate,False
-0.5540677512436588,0.0369069631344782,0.8992785454846383,-0.1667525596843355,0,6,6,6,15.166666666666666,0,0,6,6,6,16.0,0,0,1,0,1.0,1.0,1.0,1.0,True,False,False,False,False,False,False,False,False,False,False,False,False,False,True,False,False,False,False,True,False,False,True,False,True,False,False,Graduate,,False
-0.5540677512436588,-0.1223427002831811,0.1879704582165872,-0.562167955812708,0,5,5,5,12.6,0,0,5,6,4,12.4,0,0,1,0,1.0,0.8,1.0,1.2,True,False,False,False,False,False,False,True,False,False,False,False,False,False,False,False,False,False,False,False,False,False,True,False,True,False,False,Graduate,,False
-0.5540677512436588,-2.473171065020064,-0.6269261854497216,2.205739817085899,0,5,5,0,0.0,0,0,5,6,0,0.0,0,1,0,1,0.0,0.0,1.0,1.2,True,True,True,False,False,False,False,True,False,False,True,False,False,False,False,True,False,False,False,True,False,False,False,False,False,False,False,Dropout,,False
-0.5540677512436588,0.5601558572210751,0.8992785454846383,-0.1667525596843355,0,5,11,4,12.25,0,0,5,9,5,13.285714285714286,0,0,0,0,0.8,1.0,2.2,1.8,True,False,False,False,False,True,False,True,False,False,True,False,False,False,False,True,False,False,False,True,False,False,True,False,True,False,False,Graduate,,False
-0.5540677512436588,-0.8806744308434659,-0.7719501644072858,-0.562167955812708,0,5,7,5,11.6,0,0,5,5,5,11.6,0,0,0,0,1.0,1.0,1.4,1.0,True,False,False,False,False,False,False,False,False,False,False,False,True,False,True,False,False,False,True,False,False,False,True,False,True,True,False,Graduate,Graduate,True
-0.5540677512436588,-0.425675392507295,0.7059132402078859,-0.6939730878554988,0,6,7,6,12.166666666666666,0,0,6,10,4,12.75,0,0,0,0,1.0,0.6666666666666666,1.1666666666666667,1.6666666666666667,True,False,False,False,False,True,False,False,False,False,True,False,False,False,False,True,False,False,False,False,False,False,True,False,True,False,False,Enrolled,Dropout,False
0.2071731591606723,-2.473171065020064,-1.863082958468955,1.546714156871945,0,5,8,5,11.4,0,0,5,7,3,12.333333333333334,0,1,1,0,1.0,0.6,1.6,1.4,False,False,False,False,False,False,False,True,False,False,False,False,False,False,False,False,False,False,False,False,False,False,False,False,True,False,False,Enrolled,,False
3.2521368007779965,0.3326563380529896,-0.3921254576136667,-0.4303628237699172,0,7,7,6,12.6,0,0,7,7,6,12.6,0,0,0,0,0.8571428571428571,0.8571428571428571,1.0,1.0,True,False,False,True,False,False,False,False,False,False,False,False,True,False,False,True,False,False,False,True,False,False,True,False,True,False,False,Graduate,Graduate,True
-0.5540677512436588,-0.1981758733392096,0.2086881694962399,0.6240782325724092,0,6,12,1,11.0,0,0,6,0,0,0.0,0,1,1,1,0.1666666666666666,0.0,2.0,0.0,True,False,True,False,False,True,True,False,True,False,False,False,False,False,False,False,True,False,True,False,False,False,False,False,False,False,False,Dropout,,False
-0.5540677512436588,1.3184875877813598,1.5898689214730366,0.4922731005296184,0,5,10,1,14.0,0,0,5,0,0,0.0,0,1,0,0,0.2,0.0,2.0,0.0,True,True,False,False,True,False,False,True,False,False,True,False,True,False,True,False,False,False,True,False,False,False,True,False,True,False,False,Dropout,Graduate,False
-0.5540677512436588,2.4559851836217867,2.480730506498071,2.8647654772998528,0,6,7,6,13.666666666666666,0,0,6,6,6,13.666666666666666,0,1,1,0,1.0,1.0,1.1666666666666667,1.0,False,True,True,False,False,True,False,False,False,False,False,False,False,False,False,False,True,False,False,False,True,False,True,False,True,False,False,Graduate,Graduate,True
0.9684140695650034,0.1809899919409327,0.1948763619764728,-0.4303628237699172,0,6,6,5,12.8,0,0,6,11,3,12.75,0,0,0,0,0.8333333333333334,0.5,1.0,1.8333333333333333,True,True,False,False,False,True,False,False,False,False,True,False,False,False,False,True,False,False,True,False,False,False,True,False,True,False,False,Graduate,,False
-0.5540677512436588,2.3801520105657583,2.4876364102579545,-0.6939730878554988,0,6,0,0,0.0,0,0,6,0,0,0.0,0,0,1,0,0.0,0.0,0.0,0.0,True,False,False,False,False,True,False,False,False,False,False,False,False,False,False,False,True,False,False,False,True,False,False,False,True,False,False,Dropout,,False
1.7296549799693344,-0.8048412577874374,-0.7305147418479814,-0.6939730878554988,0,5,5,5,11.6,0,0,5,5,5,11.8,0,0,1,1,1.0,1.0,1.0,1.0,True,False,False,False,False,False,False,False,False,False,False,False,False,False,True,False,False,False,False,False,False,False,True,True,True,True,False,Graduate,,False
-0.5540677512436588,0.2568231649969612,-0.3645018425741304,-0.6939730878554988,0,0,0,0,0.0,0,0,0,0,0,0.0,0,0,0,0,0.0,0.0,0.0,0.0,True,False,False,False,False,True,False,False,False,False,True,False,False,False,False,True,False,False,False,False,False,False,True,False,True,False,False,Enrolled,Dropout,False
-0.5540677512436588,-0.425675392507295,-0.7719501644072858,0.096857704401246,0,6,12,1,12.0,0,0,6,12,0,0.0,0,1,1,0,0.1666666666666666,0.0,2.0,2.0,True,False,True,False,False,True,False,False,False,False,False,False,False,False,True,False,False,False,False,False,False,False,False,False,True,False,False,Dropout,,False
-0.5540677512436588,0.5601558572210751,1.5760571139532693,1.6785192889147356,0,5,5,5,13.8,0,0,5,6,5,13.8,0,1,1,0,1.0,1.0,1.0,1.2,False,True,True,False,False,False,False,True,False,False,False,False,False,False,True,False,False,False,True,False,False,False,False,False,True,False,False,Graduate,,False
-0.5540677512436588,0.0369069631344782,-0.8271973944863575,0.2286628364440368,0,6,10,4,13.0,0,0,6,9,4,13.75,0,1,1,1,0.6666666666666666,0.6666666666666666,1.6666666666666667,1.5,True,True,False,False,False,True,False,True,False,False,False,False,False,False,False,False,False,False,False,False,False,False,True,True,False,False,False,Dropout,Graduate,False
-0.5540677512436588,0.1809899919409327,-0.0951715959386556,-0.6939730878554988,0,5,8,4,11.0,1,0,5,8,3,14.0,0,0,1,0,0.8,0.6,1.6,1.6,True,False,False,True,False,False,False,False,False,False,False,False,False,False,True,False,False,False,False,False,False,False,True,False,True,False,False,Graduate,,False
1.7296549799693344,0.1809899919409327,0.3882416672532231,-0.562167955812708,0,5,5,5,13.6,0,0,5,5,5,14.6,0,0,1,0,1.0,1.0,1.0,1.0,True,False,False,True,False,False,False,False,False,False,False,False,False,False,False,False,False,False,False,False,False,False,True,False,True,True,False,Graduate,,False
-0.5540677512436588,-0.9565076038994944,0.0843819018183274,1.546714156871945,0,5,5,0,0.0,0,0,5,5,1,10.0,0,1,1,0,0.0,0.2,1.0,1.0,False,True,False,False,False,False,False,True,False,False,False,False,False,False,False,False,True,False,False,False,True,False,False,False,True,False,False,Dropout,,False
2.490895890373665,1.0909880686132745,0.7956899890863786,-0.562167955812708,0,8,8,8,14.34125,0,0,8,8,8,14.34125,0,0,1,0,1.0,1.0,1.0,1.0,True,False,False,True,False,False,False,False,False,False,False,False,False,False,True,False,False,False,False,True,False,False,True,False,True,False,False,Graduate,,False
-0.5540677512436588,-0.9565076038994944,-0.620020281689838,0.6240782325724092,0,6,8,6,12.857142857142858,0,0,6,8,5,12.6,0,1,1,0,1.0,0.8333333333333334,1.3333333333333333,1.3333333333333333,True,False,False,False,False,False,False,True,False,False,False,False,False,False,False,False,False,False,False,False,False,False,False,False,True,False,False,Graduate,,False
-0.5540677512436588,0.1809899919409327,0.6990073364480024,-0.6939730878554988,0,6,6,6,13.333333333333334,0,0,6,7,6,12.333333333333334,0,0,1,0,1.0,1.0,1.0,1.1666666666666667,True,False,False,False,False,True,False,False,False,False,False,False,False,False,False,False,False,False,False,False,False,False,True,False,True,False,False,Graduate,,False
0.2071731591606723,0.0369069631344782,3.523521974240552,-0.0349474276415447,0,6,8,6,13.333333333333334,0,0,6,7,5,12.8,0,0,1,0,1.0,0.8333333333333334,1.3333333333333333,1.1666666666666667,True,True,False,False,False,True,False,False,False,False,False,False,False,False,False,False,False,False,False,False,False,False,True,False,True,True,False,Graduate,,False
-0.5540677512436588,0.5601558572210751,0.8992785454846383,-0.4303628237699172,0,0,0,0,0.0,0,0,0,0,0,0.0,0,0,0,1,0.0,0.0,0.0,0.0,True,True,False,False,False,True,True,False,False,True,True,False,True,False,False,True,False,False,False,True,False,False,False,True,True,False,False,Graduate,,False
-0.5540677512436588,-0.1223427002831811,0.257029495815427,-0.2985576917271264,0,5,9,2,11.5,0,0,5,13,4,11.0,1,0,1,1,0.4,0.8,1.8,2.6,True,False,False,True,False,False,False,False,False,False,False,False,False,False,False,False,False,False,False,False,False,False,False,True,True,False,False,Enrolled,,False
-0.5540677512436588,0.0369069631344782,1.8108578417893235,0.096857704401246,0,5,8,5,10.2,0,0,5,6,5,12.2,0,1,0,1,1.0,1.0,1.6,1.2,True,False,False,False,False,False,False,True,False,False,True,False,False,False,False,True,False,False,True,False,False,False,True,True,True,False,False,Graduate,Dropout,False
-0.5540677512436588,1.3184875877813598,0.0015110566997204,0.3604679684868276,2,7,8,6,13.046666666666669,0,2,8,10,7,13.30625,0,1,0,0,0.8571428571428571,0.875,1.1428571428571428,1.25,True,True,False,True,False,False,False,True,True,False,True,False,False,False,False,True,False,False,False,False,False,False,True,False,True,False,False,Dropout,,False
-0.5540677512436588,-0.7290080847314089,-1.1724925824805563,0.2286628364440368,0,5,12,3,11.0,1,0,5,12,4,11.5,0,1,1,0,0.6,0.8,2.4,2.4,True,True,False,False,False,False,False,True,False,False,False,False,False,False,False,False,False,False,False,False,False,False,False,False,True,False,False,Enrolled,,False
-0.5540677512436588,-0.577341738619352,0.1534409394171673,-0.4303628237699172,0,6,12,3,10.333333333333334,0,0,6,14,1,11.0,0,0,1,1,0.5,0.1666666666666666,2.0,2.333333333333333,True,False,False,False,False,True,False,False,False,False,False,False,False,False,False,False,False,False,False,False,False,False,True,True,False,False,False,Dropout,,False
-0.5540677512436588,-0.1981758733392096,-1.6904353644718553,0.4922731005296184,0,6,9,5,13.2,0,0,6,10,5,12.0,0,1,1,0,0.8333333333333334,0.8333333333333334,1.5,1.6666666666666667,True,False,False,False,False,True,False,True,False,False,False,False,False,False,False,False,False,False,True,False,False,False,False,False,True,False,False,Graduate,Graduate,True
0.9684140695650034,0.1809899919409327,-0.0468302696194676,-0.6939730878554988,0,7,8,7,12.65,0,0,8,9,8,12.445555555555554,0,0,1,1,1.0,1.0,1.1428571428571428,1.125,True,False,False,True,False,False,False,False,False,False,False,False,False,False,False,False,False,False,False,False,False,False,True,True,True,True,False,Graduate,,False
-0.5540677512436588,-0.9565076038994944,-0.4819022064921583,0.096857704401246,0,7,13,7,11.0,0,0,8,13,7,11.7,0,1,1,1,1.0,0.875,1.8571428571428568,1.625,True,False,False,True,False,False,False,True,False,False,False,False,False,False,False,False,False,False,False,False,False,False,False,True,True,True,False,Graduate,Graduate,True
1.7296549799693344,-0.1981758733392096,-0.1987601523369154,-0.6939730878554988,0,6,6,6,14.166666666666666,0,0,6,7,6,13.428571428571429,0,0,1,0,1.0,1.0,1.0,1.1666666666666667,True,False,False,False,False,False,False,False,False,False,False,False,False,False,False,False,False,False,False,False,False,False,True,False,True,False,False,Enrolled,,False
-0.5540677512436588,0.3326563380529896,1.348162289877097,-0.562167955812708,6,12,13,11,12.0,0,4,11,15,10,11.181818181818182,0,0,0,1,0.9166666666666666,0.9090909090909092,1.0833333333333333,1.3636363636363635,True,True,False,False,False,True,False,False,False,False,False,False,True,False,False,True,False,False,False,False,False,False,True,True,True,False,False,Enrolled,Graduate,False
-0.5540677512436588,0.0369069631344782,-1.4072933103166123,1.0194936287007816,2,6,8,5,11.0,0,4,6,12,6,10.166666666666666,0,1,1,1,0.8333333333333334,1.0,1.3333333333333333,2.0,True,False,False,False,False,True,False,True,False,True,False,False,False,False,False,True,False,False,False,False,False,False,False,True,True,False,False,Enrolled,,False
-0.5540677512436588,-0.1981758733392096,0.1396291318974001,0.2286628364440368,0,6,6,6,13.5,0,0,6,6,6,12.5,0,1,1,0,1.0,1.0,1.0,1.0,True,False,False,False,False,True,False,True,False,False,False,False,False,False,False,False,False,False,False,False,False,False,True,False,True,False,False,Graduate,,False
-0.5540677512436588,-0.8048412577874374,-0.2194778636165671,-0.6939730878554988,0,6,6,6,11.833333333333334,0,0,6,8,6,11.0,0,0,1,1,1.0,1.0,1.0,1.3333333333333333,True,False,False,False,False,True,False,False,False,False,False,False,False,False,True,False,False,False,False,False,False,False,True,True,False,True,False,Dropout,,False
-0.5540677512436588,-2.473171065020064,-1.863082958468955,-0.4303628237699172,1,2,2,2,12.0,0,1,6,11,6,12.833333333333334,0,0,1,0,1.0,1.0,1.0,1.8333333333333333,True,False,False,True,False,False,False,True,False,False,False,False,False,False,True,False,False,False,False,False,False,False,True,False,True,True,False,Graduate,,False
-0.5540677512436588,-0.9565076038994944,-0.4957140140119265,-0.2985576917271264,2,7,7,2,12.0,0,5,9,10,7,12.142857142857142,0,0,1,0,0.2857142857142857,0.7777777777777778,1.0,1.1111111111111112,True,True,False,False,False,True,True,False,False,True,False,False,False,False,True,False,False,False,False,False,False,False,False,False,True,False,False,Dropout,Graduate,False
-0.5540677512436588,-0.577341738619352,0.2086881694962399,-0.4303628237699172,2,6,7,6,12.833333333333334,0,0,6,9,4,13.4,0,0,0,0,1.0,0.6666666666666666,1.1666666666666667,1.5,True,True,False,False,False,True,False,True,False,False,False,True,True,False,False,True,False,False,False,True,False,False,True,False,True,False,False,Graduate,Dropout,False
-0.5540677512436588,1.015154895557246,0.1050996130979802,-0.562167955812708,0,6,13,3,12.666666666666666,0,0,6,12,2,10.0,0,0,1,1,0.5,0.3333333333333333,2.1666666666666665,2.0,True,False,False,False,False,True,False,False,False,False,False,False,False,False,False,False,False,False,False,False,False,False,False,True,True,False,False,Dropout,Graduate,False
-0.5540677512436588,-1.1081739500115513,-0.3299723237747105,-0.1667525596843355,0,6,10,4,10.5,0,0,6,14,1,11.0,0,0,1,0,0.6666666666666666,0.1666666666666666,1.6666666666666667,2.333333333333333,True,False,False,False,False,False,False,False,False,False,False,False,False,False,True,False,False,False,False,False,True,False,True,False,True,False,False,Dropout,,False
-0.5540677512436588,0.0369069631344782,-0.4128431688933185,2.732960345257062,2,8,12,4,12.0,2,2,7,9,4,12.0,2,1,1,1,0.5,0.5714285714285714,1.5,1.2857142857142858,True,False,True,False,False,True,False,True,False,False,False,False,False,False,False,False,False,False,False,False,False,False,False,True,False,False,False,Dropout,,False
-0.5540677512436588,0.0369069631344782,-0.4819022064921583,2.205739817085899,0,6,13,0,0.0,0,0,6,6,0,0.0,0,1,1,1,0.0,0.0,2.1666666666666665,1.0,True,True,False,False,False,False,False,True,False,True,False,False,False,False,False,False,False,False,False,True,False,False,False,True,False,False,False,Dropout,,False
-0.5540677512436588,-0.3498422194512666,-0.1573247297776109,-0.562167955812708,0,7,11,6,12.528571428571428,0,0,7,10,6,12.416666666666666,0,0,1,0,0.8571428571428571,0.8571428571428571,1.5714285714285714,1.4285714285714286,True,True,False,True,False,False,False,False,False,False,False,False,False,False,True,False,False,False,True,False,False,False,False,False,True,True,False,Enrolled,,False
-0.5540677512436588,-0.0465095272271526,0.0705700942985603,-0.562167955812708,0,7,7,6,12.966666666666669,0,0,7,7,6,12.966666666666669,0,0,1,0,0.8571428571428571,0.8571428571428571,1.0,1.0,True,False,False,True,False,False,False,False,False,False,False,False,False,False,True,False,False,False,False,False,False,False,True,False,True,True,False,Graduate,,False
-0.5540677512436588,1.3184875877813598,-0.4819022064921583,0.096857704401246,0,5,6,3,10.666666666666666,0,0,5,9,2,10.5,0,1,1,0,0.6,0.4,1.2,1.8,True,True,False,False,True,False,False,True,False,False,False,False,False,False,False,True,False,False,True,False,False,False,False,False,True,False,False,Enrolled,,False
-0.5540677512436588,-2.473171065020064,0.5125479349311356,1.414909024829154,9,16,20,14,12.071428571428571,1,11,13,13,11,12.272727272727272,0,1,1,0,0.875,0.8461538461538461,1.25,1.0,False,False,False,False,False,True,False,True,False,True,False,False,False,False,False,False,False,False,False,False,False,False,False,False,True,False,False,Graduate,,False
-0.5540677512436588,-0.1981758733392096,0.2086881694962399,0.4922731005296184,0,8,8,8,12.8875,0,0,8,8,8,12.8875,0,1,1,0,1.0,1.0,1.0,1.0,True,False,False,True,False,False,True,False,True,False,False,False,False,False,False,False,False,False,False,False,False,False,True,False,True,False,False,Graduate,,False
-0.5540677512436588,-0.9565076038994944,-0.5993025704101862,-0.6939730878554988,0,6,11,5,12.166666666666666,0,0,6,15,3,12.0,0,0,1,1,0.8333333333333334,0.5,1.8333333333333333,2.5,True,True,False,False,False,True,False,False,False,False,False,False,False,False,False,False,False,False,False,False,False,False,False,True,False,True,False,Dropout,Dropout,True
-0.5540677512436588,-0.5015085655633235,0.0291346717392567,-0.562167955812708,0,6,13,6,15.23076923076923,0,0,6,10,6,12.375,0,0,1,0,1.0,1.0,2.1666666666666665,1.6666666666666667,True,False,False,True,False,False,False,False,False,False,False,False,False,False,False,False,False,False,False,False,False,False,True,False,True,False,False,Graduate,Graduate,True
0.9684140695650034,0.4843226841650466,-0.0675479808991193,-0.6939730878554988,0,8,15,5,12.288,1,0,8,15,5,12.288,1,0,0,0,0.625,0.625,1.875,1.875,True,True,False,True,False,False,False,False,False,False,True,False,False,False,True,False,False,False,False,True,False,False,True,False,True,False,False,Dropout,,False
1.7296549799693344,-1.1840071230675795,-0.951503662164269,-0.2985576917271264,0,5,11,2,10.0,0,0,5,10,3,10.333333333333334,0,0,0,0,0.4,0.6,2.2,2.0,True,True,False,False,False,False,False,True,False,False,True,False,True,False,True,False,False,False,True,False,False,False,False,False,True,False,False,Enrolled,,False
-0.5540677512436588,-0.6531749116753804,-0.3990313613735503,-0.562167955812708,0,6,12,2,13.0,0,0,6,9,6,10.833333333333334,0,0,1,0,0.3333333333333333,1.0,2.0,1.5,True,False,False,False,False,True,False,False,False,False,False,False,False,False,False,False,False,False,False,False,False,False,False,False,True,False,False,Enrolled,,False
0.2071731591606723,-0.8048412577874374,-0.4888081102520419,-0.6939730878554988,0,6,8,5,11.0,0,0,6,6,4,10.75,0,0,1,0,0.8333333333333334,0.6666666666666666,1.3333333333333333,1.0,True,True,False,False,False,True,False,False,False,False,False,False,False,False,True,False,False,False,True,False,False,False,False,False,True,False,False,Graduate,,False
1.7296549799693344,0.3326563380529896,-0.0813597884188875,-0.4303628237699172,0,6,7,5,12.2,0,0,6,6,6,12.333333333333334,0,0,1,1,0.8333333333333334,1.0,1.1666666666666667,1.0,True,True,False,False,False,True,False,False,False,False,False,False,False,False,True,False,False,False,True,False,False,False,False,True,True,False,False,Dropout,,False
-0.5540677512436588,-1.866505680571836,-1.3589519839974245,-0.4303628237699172,0,6,0,0,0.0,0,0,6,0,0,0.0,0,0,1,0,0.0,0.0,0.0,0.0,True,False,False,False,False,True,False,False,False,False,False,False,False,False,True,False,False,False,True,False,False,False,False,False,True,False,False,Dropout,,False
-0.5540677512436588,0.0369069631344782,1.5898689214730366,3.1283757413854345,0,5,8,4,10.0,0,0,5,8,4,12.5,0,1,1,0,0.8,0.8,1.6,1.6,False,True,True,False,False,False,False,True,False,False,False,False,False,False,False,False,False,False,False,False,False,False,False,False,True,False,False,Enrolled,,False
0.2071731591606723,-0.6531749116753804,-0.7581383568875176,-0.2985576917271264,0,8,8,7,13.957142857142856,0,0,8,8,7,13.957142857142856,0,0,1,0,0.875,0.875,1.0,1.0,True,False,False,True,False,False,False,False,False,False,False,False,False,False,False,False,False,False,False,False,False,False,True,False,True,True,False,Graduate,,False
-0.5540677512436588,-0.577341738619352,-0.4749963027322748,-0.6939730878554988,0,6,7,6,12.5,0,0,6,8,6,13.333333333333334,0,0,1,0,1.0,1.0,1.1666666666666667,1.3333333333333333,True,False,False,False,False,True,False,False,False,False,False,False,False,False,True,False,False,False,False,False,False,False,False,False,True,True,False,Graduate,Graduate,True
-0.5540677512436588,-0.9565076038994944,-0.2609132861758707,0.4922731005296184,0,5,9,3,10.666666666666666,0,0,5,7,4,11.4,0,1,1,0,0.6,0.8,1.8,1.4,True,False,True,False,False,False,False,True,False,False,False,False,False,False,False,False,False,False,True,False,False,False,False,False,True,False,False,Enrolled,Dropout,False
-0.5540677512436588,-0.9565076038994944,-0.9860331809636887,-0.562167955812708,0,6,7,6,14.857142857142858,0,0,6,8,6,14.142857142857142,0,0,1,0,1.0,1.0,1.1666666666666667,1.3333333333333333,True,True,False,True,False,False,False,False,False,False,False,False,False,False,False,False,False,False,False,True,False,False,False,False,True,False,False,Graduate,,False
0.2071731591606723,-2.473171065020064,-1.863082958468955,2.3375449491286897,0,6,10,4,13.5,0,1,6,7,6,11.166666666666666,0,1,1,0,0.6666666666666666,1.0,1.6666666666666667,1.1666666666666667,True,False,True,False,False,True,False,True,False,False,False,False,False,False,False,False,False,True,False,False,False,True,False,False,True,False,False,Graduate,,False
-0.5540677512436588,-0.5015085655633235,-0.8410092020061256,-0.4303628237699172,0,8,8,7,14.402857142857142,0,0,8,8,7,14.402857142857142,0,0,1,0,0.875,0.875,1.0,1.0,True,False,False,True,False,False,False,False,False,False,False,False,False,False,True,False,False,False,True,False,False,False,True,False,True,False,False,Graduate,Graduate,True
-0.5540677512436588,0.0369069631344782,-1.3796696952770762,2.3375449491286897,1,7,7,7,12.857142857142858,0,0,6,6,6,13.166666666666666,0,1,1,0,1.0,1.0,1.0,1.0,False,True,True,False,False,True,False,True,False,False,False,False,False,False,False,False,False,False,False,False,False,False,False,False,True,False,False,Graduate,,False
2.490895890373665,-1.259840296123608,-0.5164317252915782,-0.6939730878554988,0,6,0,0,0.0,0,0,6,0,0,0.0,0,0,1,1,0.0,0.0,0.0,0.0,True,False,False,False,False,False,False,False,False,False,False,False,False,False,False,False,False,False,False,False,False,False,True,False,False,False,False,Dropout,,False
-0.5540677512436588,-0.9565076038994944,0.2086881694962399,1.8103244209575264,0,0,0,0,0.0,0,0,0,0,0,0.0,0,1,1,0,0.0,0.0,0.0,0.0,False,True,False,False,False,True,True,False,True,False,False,False,False,False,False,False,False,False,False,False,False,False,True,False,True,False,False,Dropout,,False
1.7296549799693344,-1.7906725075158074,0.6921014326881187,-0.6939730878554988,0,6,7,6,12.666666666666666,0,0,6,8,5,12.8,0,0,1,0,1.0,0.8333333333333334,1.1666666666666667,1.3333333333333333,True,False,False,False,False,True,True,False,False,False,False,False,False,False,False,False,False,False,False,True,False,False,True,False,True,True,False,Graduate,,False
-0.5540677512436588,-0.577341738619352,-1.863082958468955,0.4922731005296184,16,18,19,18,12.22222222222222,0,9,12,15,12,12.384615384615383,0,1,0,0,1.0,1.0,1.0555555555555556,1.25,True,True,False,False,False,True,False,False,False,False,True,False,True,False,False,True,False,False,False,True,False,False,False,False,True,False,False,Graduate,Graduate,True
0.9684140695650034,-0.425675392507295,-0.6959852230485615,-0.6939730878554988,0,6,7,5,12.2,0,0,6,10,4,12.25,0,0,1,1,0.8333333333333334,0.6666666666666666,1.1666666666666667,1.6666666666666667,True,False,False,False,False,False,False,False,False,False,False,False,False,False,True,False,False,False,False,False,False,False,True,True,True,False,False,Dropout,,False
-0.5540677512436588,2.076819318341645,0.7335368552474223,-0.562167955812708,0,5,6,5,12.6,0,0,5,8,5,11.25,0,0,1,0,1.0,1.0,1.2,1.6,True,False,False,False,False,False,False,False,False,False,False,False,False,False,True,False,False,False,False,False,False,False,True,False,True,True,False,Graduate,,False
-0.5540677512436588,0.5601558572210751,-0.2401955748962189,-0.562167955812708,0,8,8,8,14.75,0,0,8,8,8,14.75,0,0,1,0,1.0,1.0,1.0,1.0,True,False,False,True,False,False,False,False,False,False,False,False,False,False,True,False,False,False,True,False,False,False,True,False,True,True,False,Graduate,,False
-0.5540677512436588,0.5601558572210751,0.4434888973322958,0.7558833646152,0,6,8,6,16.5,0,0,6,6,5,13.8,0,1,0,1,1.0,0.8333333333333334,1.3333333333333333,1.0,True,True,False,False,False,True,False,False,False,False,True,False,True,False,True,False,False,False,False,False,False,False,True,False,False,False,False,Enrolled,,False
-0.5540677512436588,-0.3498422194512666,-0.336878227534595,-0.6939730878554988,0,6,9,5,11.833333333333334,0,0,6,7,5,13.8,0,0,1,0,0.8333333333333334,0.8333333333333334,1.5,1.1666666666666667,True,False,False,False,False,True,False,False,False,False,False,False,False,False,False,False,True,False,True,False,False,False,True,False,True,False,False,Graduate,,False
-0.5540677512436588,-0.1981758733392096,-0.5647730516107663,-0.6939730878554988,0,7,7,7,13.677142857142858,0,0,8,9,8,14.533333333333331,0,0,0,0,1.0,1.0,1.0,1.125,True,False,False,True,False,False,False,False,False,False,True,False,True,False,False,True,False,False,True,False,False,False,False,False,True,False,False,Graduate,,False
-0.5540677512436588,0.0369069631344782,-1.1724925824805563,1.0194936287007816,0,6,8,5,11.4,0,0,6,9,3,11.0,0,1,1,1,0.8333333333333334,0.5,1.3333333333333333,1.5,False,False,True,False,False,True,False,True,False,False,False,False,False,False,False,False,False,True,False,False,False,False,False,False,False,False,False,Dropout,,False
-0.5540677512436588,-0.1981758733392096,0.4849243198915993,0.096857704401246,0,5,8,5,11.833333333333334,0,0,5,8,4,14.0,0,1,1,0,1.0,0.8,1.6,1.6,True,True,False,False,True,False,False,True,False,False,False,False,False,False,False,False,False,False,False,False,False,False,False,False,True,True,False,Enrolled,,False
0.9684140695650034,0.0369069631344782,-1.863082958468955,-0.1667525596843355,0,6,6,4,11.25,0,0,6,7,3,11.0,0,0,1,0,0.6666666666666666,0.5,1.0,1.1666666666666667,True,True,False,False,False,True,False,False,False,False,False,False,False,False,False,False,False,False,False,False,False,False,True,False,True,False,False,Enrolled,,False
-0.5540677512436588,0.5601558572210751,1.1064556582811578,-0.4303628237699172,3,6,6,6,13.5,0,2,6,9,5,12.5,0,0,1,0,1.0,0.8333333333333334,1.0,1.5,True,False,False,False,False,True,True,False,False,True,False,False,False,False,False,False,False,False,False,False,False,False,False,False,True,False,False,Graduate,,False
-0.5540677512436588,0.8634885494451889,0.1603468431770528,-0.6939730878554988,0,0,0,0,0.0,0,0,0,0,0,0.0,0,0,1,0,0.0,0.0,0.0,0.0,True,True,False,False,False,True,False,False,False,False,False,False,False,False,False,False,False,False,False,False,False,False,True,False,True,True,False,Enrolled,,False
-0.5540677512436588,-0.9565076038994944,-1.4556346366357995,1.546714156871945,0,3,4,3,11.816666666666668,0,0,3,3,3,11.333333333333334,0,1,0,0,1.0,1.0,1.3333333333333333,1.0,True,False,False,True,False,False,False,True,False,False,False,False,True,False,False,False,False,False,False,True,False,False,False,False,True,False,False,Enrolled,Graduate,False
-0.5540677512436588,-0.5015085655633235,-0.6959852230485615,-0.562167955812708,0,6,10,6,13.666666666666666,0,0,6,10,4,12.25,0,0,0,0,1.0,0.6666666666666666,1.6666666666666667,1.6666666666666667,True,True,False,False,False,True,False,False,False,False,False,False,True,False,True,False,False,False,False,True,False,False,False,False,True,False,False,Dropout,,False
-0.5540677512436588,-0.1981758733392096,-0.6131143779299544,1.8103244209575264,0,5,0,0,0.0,0,0,5,0,0,0.0,0,1,1,1,0.0,0.0,0.0,0.0,False,False,True,False,False,False,False,False,False,False,False,False,False,False,False,False,False,False,False,False,False,False,False,True,False,False,False,Dropout,,False
-0.5540677512436588,2.3801520105657583,1.5208098838741968,-0.0349474276415447,0,6,7,6,13.857142857142858,0,0,6,6,6,14.166666666666666,0,0,1,0,1.0,1.0,1.1666666666666667,1.0,True,False,False,False,False,True,False,False,False,False,False,False,False,False,False,False,False,False,False,False,False,False,True,False,True,True,False,Graduate,Graduate,True
-0.5540677512436588,1.3184875877813598,1.5898689214730366,-0.4303628237699172,0,5,6,5,16.5,0,0,5,7,5,17.714285714285715,0,0,1,1,1.0,1.0,1.2,1.4,True,True,False,False,True,False,True,False,False,True,False,False,False,False,False,False,False,False,False,False,False,False,True,True,True,False,False,Dropout,,False
-0.5540677512436588,0.1051568188849042,0.4365829935724122,-0.562167955812708,0,6,13,2,11.5,0,0,6,13,1,11.0,0,0,1,1,0.3333333333333333,0.1666666666666666,2.1666666666666665,2.1666666666666665,True,False,False,False,False,False,False,True,False,False,False,False,False,False,False,False,False,False,False,False,False,False,True,True,True,False,False,Dropout,,False
0.2071731591606723,0.1809899919409327,1.5208098838741968,-0.1667525596843355,14,17,21,17,12.578947368421051,0,15,17,20,17,12.117647058823527,0,0,1,0,1.0,1.0,1.2352941176470589,1.1764705882352942,True,True,False,False,False,True,False,False,False,False,False,False,False,False,True,False,False,False,False,False,False,False,True,False,True,False,False,Graduate,,False
-0.5540677512436588,-1.714839334459779,-1.331328368957888,0.6240782325724092,0,6,0,0,0.0,0,0,5,10,0,0.0,0,1,1,1,0.0,0.0,0.0,2.0,True,False,False,False,False,True,False,True,False,False,False,False,False,False,False,False,False,False,False,False,False,False,False,True,False,False,False,Dropout,,False
-0.5540677512436588,1.3184875877813598,0.8992785454846383,1.546714156871945,0,6,6,6,14.0,0,0,6,6,6,14.166666666666666,0,1,1,1,1.0,1.0,1.0,1.0,False,True,True,False,False,True,False,True,False,False,False,False,False,False,False,False,False,False,False,False,False,False,False,False,False,False,False,Graduate,,False
-0.5540677512436588,-0.1981758733392096,0.8992785454846383,1.0194936287007816,0,5,8,1,11.0,0,0,5,5,1,13.0,0,1,1,0,0.2,0.2,1.6,1.0,False,True,True,False,False,False,False,True,False,False,False,False,False,False,False,False,False,False,False,False,False,False,True,False,True,False,False,Dropout,,False
-0.5540677512436588,-0.1981758733392096,-0.6131143779299544,-0.4303628237699172,0,6,7,6,12.166666666666666,0,0,6,9,6,12.0,0,0,1,0,1.0,1.0,1.1666666666666667,1.5,True,True,True,False,False,True,False,False,False,False,False,False,False,False,False,False,False,False,False,False,False,False,False,False,True,False,False,Graduate,Graduate,True
3.2521368007779965,0.9393217225012176,0.2777472070950798,-0.6939730878554988,0,6,6,6,12.166666666666666,0,0,6,10,5,11.2,0,0,1,0,1.0,0.8333333333333334,1.0,1.6666666666666667,True,False,False,False,False,True,False,False,False,False,False,False,False,False,True,False,False,False,True,False,False,False,True,False,True,True,False,Enrolled,,False
-0.5540677512436588,-0.1981758733392096,-0.4819022064921583,0.4922731005296184,0,5,12,5,10.6,0,0,5,10,5,11.0,0,1,1,0,1.0,1.0,2.4,2.0,True,False,True,False,False,False,False,True,False,False,False,False,False,False,False,False,False,False,False,False,False,False,False,False,True,False,False,Dropout,Graduate,False
-0.5540677512436588,1.9251529722295877,1.831575553068976,-0.4303628237699172,0,6,7,6,14.833333333333334,0,0,6,6,6,16.0,0,0,0,0,1.0,1.0,1.1666666666666667,1.0,True,False,False,False,False,False,False,False,False,False,False,False,False,True,True,False,False,False,False,False,False,False,True,False,True,False,False,Graduate,,False
-0.5540677512436588,-0.9565076038994944,1.5208098838741968,1.6785192889147356,0,6,15,2,11.5,0,0,7,9,0,0.0,0,1,0,1,0.3333333333333333,0.0,2.5,1.2857142857142858,True,True,False,True,False,False,False,True,False,False,True,False,True,False,False,True,False,False,False,True,False,False,False,False,False,False,False,Dropout,Graduate,False
-0.5540677512436588,0.6359890302771035,0.9959611981230144,-0.6939730878554988,0,0,0,0,0.0,0,0,0,0,0,0.0,0,0,1,0,0.0,0.0,0.0,0.0,True,False,False,False,False,True,False,False,False,False,False,False,False,False,True,False,False,False,False,False,False,False,True,False,True,True,False,Graduate,,False
-0.5540677512436588,-0.577341738619352,-0.6890793192886778,-0.562167955812708,0,6,7,6,13.428571428571429,0,0,6,6,6,13.166666666666666,0,0,1,0,1.0,1.0,1.1666666666666667,1.0,True,False,False,False,False,True,False,False,False,False,False,False,False,False,True,False,False,False,True,False,False,False,False,False,True,True,False,Graduate,Dropout,False
-0.5540677512436588,2.30431883750973,1.1133615620410413,-0.6939730878554988,0,0,0,0,0.0,0,0,0,0,0,0.0,0,0,1,0,0.0,0.0,0.0,0.0,True,True,False,False,False,True,False,False,False,False,False,False,False,False,False,False,False,False,False,False,False,False,False,False,True,False,False,Graduate,Graduate,True
-0.5540677512436588,-0.425675392507295,-0.1158893072183074,-0.562167955812708,0,6,9,5,10.8,0,0,6,11,5,11.0,0,0,1,0,0.8333333333333334,0.8333333333333334,1.5,1.8333333333333333,True,True,False,False,False,True,False,False,False,False,False,False,False,False,True,False,False,False,False,False,False,False,False,False,True,False,False,Graduate,,False
-0.5540677512436588,0.5601558572210751,0.8992785454846383,-0.0349474276415447,0,6,7,6,15.571428571428571,0,0,6,8,6,16.375,0,0,1,0,1.0,1.0,1.1666666666666667,1.3333333333333333,True,False,False,True,False,False,True,False,True,False,False,False,False,False,True,False,False,False,True,False,False,False,True,False,True,False,False,Graduate,,False
-0.5540677512436588,-0.6531749116753804,-0.6131143779299544,-0.562167955812708,0,6,8,5,12.2,0,0,6,6,4,11.75,0,0,1,1,0.8333333333333334,0.6666666666666666,1.3333333333333333,1.0,True,False,False,False,False,True,False,False,False,False,False,False,False,False,False,True,False,False,True,False,False,False,True,True,False,False,True,Dropout,,False
-0.5540677512436588,0.0369069631344782,1.2100442146794177,2.8647654772998528,0,6,13,4,12.5,0,0,6,8,3,11.666666666666666,0,1,1,0,0.6666666666666666,0.5,2.1666666666666665,1.3333333333333333,False,False,True,False,False,True,False,True,False,False,False,False,False,False,True,False,False,False,False,False,False,False,False,False,True,False,False,Dropout,,False
-0.5540677512436588,1.4701539338934166,2.308082912500971,-0.562167955812708,0,0,0,0,0.0,0,0,0,0,0,0.0,0,0,1,1,0.0,0.0,0.0,0.0,True,False,False,False,False,True,False,False,False,False,False,False,False,False,True,False,False,False,False,False,False,False,True,False,False,False,False,Dropout,,False
-0.5540677512436588,-0.1981758733392096,-0.5164317252915782,-0.562167955812708,0,5,5,0,0.0,0,0,6,0,0,0.0,0,0,1,1,0.0,0.0,1.0,0.0,True,True,False,False,False,False,False,False,False,False,False,False,False,False,False,False,True,False,False,False,True,False,False,False,False,False,False,Dropout,,False
-0.5540677512436588,1.3184875877813598,1.5898689214730366,-0.562167955812708,0,6,9,6,14.333333333333334,0,0,6,7,6,13.833333333333334,0,0,1,1,1.0,1.0,1.5,1.1666666666666667,True,False,False,False,False,True,True,False,False,True,False,False,False,False,False,False,False,False,False,False,False,False,False,True,True,True,False,Graduate,Graduate,True
-0.5540677512436588,0.0369069631344782,-2.0702600712654746,1.546714156871945,0,6,8,6,10.833333333333334,0,0,6,7,6,11.5,0,1,1,0,1.0,1.0,1.3333333333333333,1.1666666666666667,True,False,True,False,False,True,False,True,False,False,False,False,False,False,False,False,False,False,False,False,False,False,False,False,True,True,False,Graduate,,False
1.7296549799693344,-0.425675392507295,-0.3575959388142468,-0.4303628237699172,0,7,14,7,11.4375,0,0,8,9,8,11.425,0,0,1,0,1.0,1.0,2.0,1.125,True,False,False,True,False,False,False,False,False,False,False,False,False,False,True,False,False,False,False,False,False,False,True,False,True,False,False,Enrolled,Dropout,False
-0.5540677512436588,-0.1223427002831811,-0.0330184620996994,-0.6939730878554988,0,5,5,5,10.6,0,0,5,5,5,11.8,0,0,1,0,1.0,1.0,1.0,1.0,True,False,False,False,False,False,False,False,False,False,False,False,False,False,False,False,False,False,False,False,False,False,False,False,True,True,False,Graduate,Dropout,False
-0.5540677512436588,-1.714839334459779,0.2086881694962399,2.996570609342644,0,6,6,0,0.0,0,0,6,6,0,0.0,0,1,1,1,0.0,0.0,1.0,1.0,False,True,False,False,False,True,False,True,False,True,False,False,False,False,True,False,False,False,False,False,False,False,False,True,False,True,False,Dropout,,False
3.2521368007779965,-0.6531749116753804,-0.6338320892096062,-0.4303628237699172,0,8,8,7,12.791428571428572,1,0,8,8,7,12.791428571428572,1,0,1,0,0.875,0.875,1.0,1.0,True,False,False,True,False,False,False,False,False,False,False,False,False,False,False,False,False,False,False,False,False,False,False,False,True,True,False,Graduate,,False
-0.5540677512436588,-0.7290080847314089,0.0153228642194886,-0.4303628237699172,0,5,7,3,11.333333333333334,0,0,5,8,2,11.5,0,0,1,1,0.6,0.4,1.4,1.6,True,True,False,True,False,False,False,False,False,False,False,False,False,False,True,False,False,False,False,False,False,True,False,True,False,False,False,Dropout,,False
2.490895890373665,-2.397337891964036,-1.9390478998276783,-0.4303628237699172,0,6,10,4,13.0,0,0,6,6,6,13.0,0,0,0,0,0.6666666666666666,1.0,1.6666666666666667,1.0,True,True,False,False,False,False,False,False,False,False,True,False,False,False,False,True,False,False,False,False,False,False,True,False,True,False,False,Graduate,,False
-0.5540677512436588,-1.3356734691796368,-0.9929390847235736,-0.4303628237699172,0,6,9,6,12.571428571428571,0,0,6,6,6,12.166666666666666,0,0,0,0,1.0,1.0,1.5,1.0,True,True,False,False,False,False,False,False,False,False,True,False,True,False,True,False,False,False,True,False,False,False,False,False,True,True,False,Graduate,,False
-0.5540677512436588,0.7876553763891605,0.9890552943631308,-0.0349474276415447,0,6,10,6,14.0,0,0,6,11,4,13.0,0,0,0,1,1.0,0.6666666666666666,1.6666666666666667,1.8333333333333333,True,False,False,False,False,True,False,False,False,False,True,False,True,False,False,True,False,False,False,False,False,False,False,True,False,False,False,Enrolled,Graduate,False
-0.5540677512436588,-0.6531749116753804,-0.0123007508200476,-0.6939730878554988,1,6,8,6,12.0,1,0,6,12,5,11.142857142857142,0,0,1,0,1.0,0.8333333333333334,1.3333333333333333,2.0,True,False,False,False,False,True,False,False,False,False,False,False,False,False,True,False,False,False,True,False,False,False,False,False,True,True,False,Enrolled,,False
-0.5540677512436588,-0.1981758733392096,-0.0053948470601631,0.096857704401246,0,6,8,6,13.285714285714286,0,0,6,13,6,12.875,0,1,1,1,1.0,1.0,1.3333333333333333,2.1666666666666665,True,False,False,True,False,False,False,False,False,False,False,False,False,False,False,False,False,False,False,False,False,False,False,True,True,False,False,Graduate,,False
-0.5540677512436588,-0.577341738619352,0.2501235920555434,-0.6939730878554988,0,6,6,6,13.5,0,0,6,6,6,14.0,0,0,1,0,1.0,1.0,1.0,1.0,True,False,False,False,False,True,False,False,False,False,False,False,False,False,False,False,False,False,False,False,False,False,True,False,True,True,False,Graduate,,False
-0.5540677512436588,-0.425675392507295,-0.4335608801729703,-0.1667525596843355,0,6,10,5,11.0,0,0,6,12,0,0.0,0,0,1,1,0.8333333333333334,0.0,1.6666666666666667,2.0,True,False,False,False,False,False,False,False,False,False,False,False,False,False,True,False,False,False,False,False,False,False,False,True,False,False,False,Dropout,Graduate,False
-0.5540677512436588,-0.7290080847314089,-0.9031623358450808,-0.6939730878554988,0,6,7,4,11.25,0,0,6,9,4,10.857142857142858,0,0,1,1,0.6666666666666666,0.6666666666666666,1.1666666666666667,1.5,True,False,False,False,False,False,False,False,False,False,False,False,False,False,False,False,False,False,False,False,False,False,True,True,False,False,False,Dropout,,False
-0.5540677512436588,0.5601558572210751,0.8992785454846383,1.8103244209575264,0,6,17,1,12.0,0,0,6,23,2,10.5,1,1,1,0,0.1666666666666666,0.3333333333333333,2.833333333333333,3.8333333333333335,False,True,False,False,False,True,True,False,False,True,False,False,False,False,True,False,False,False,False,False,False,False,False,False,True,False,False,Dropout,,False
-0.5540677512436588,0.3326563380529896,0.5263597424509028,-0.562167955812708,0,0,0,0,0.0,0,0,0,0,0,0.0,0,0,1,0,0.0,0.0,0.0,0.0,True,False,False,False,False,True,False,False,False,False,False,False,False,False,True,False,False,False,True,False,False,False,True,False,True,True,False,Graduate,,False
1.7296549799693344,0.5601558572210751,0.4711125123718321,-0.8257782198982896,0,8,14,5,12.46,0,0,8,14,5,12.46,0,0,0,0,0.625,0.625,1.75,1.75,True,False,False,True,False,False,False,False,False,False,True,False,False,False,False,True,False,False,False,True,False,False,True,False,True,False,False,Enrolled,,False
-0.5540677512436588,-1.259840296123608,-0.8755387208055456,-0.4303628237699172,0,4,8,0,0.0,0,0,4,8,0,0.0,0,0,1,0,0.0,0.0,2.0,2.0,True,False,False,False,False,True,False,False,False,False,False,False,False,False,False,False,True,False,True,False,False,False,True,False,True,False,False,Dropout,,False
-0.5540677512436588,-0.577341738619352,-0.3783136500938986,-0.562167955812708,0,6,9,6,10.857142857142858,0,0,6,7,6,11.666666666666666,0,0,1,0,1.0,1.0,1.5,1.1666666666666667,True,False,False,False,False,True,False,False,False,False,False,False,False,False,False,False,False,False,False,False,False,False,True,False,True,True,False,Graduate,,False
-0.5540677512436588,1.4701539338934166,1.320538674837561,-0.6939730878554988,0,5,8,4,13.5,2,0,5,9,0,0.0,3,0,0,0,0.8,0.0,1.6,1.8,True,False,False,False,False,True,False,False,False,False,True,False,False,True,True,False,False,False,False,True,False,False,True,False,True,False,False,Dropout,,False
-0.5540677512436588,0.0369069631344782,0.8095017966061457,1.0194936287007816,0,5,7,3,10.333333333333334,0,0,5,6,3,12.0,0,1,1,0,0.6,0.6,1.4,1.2,False,False,True,False,False,False,False,True,False,False,False,False,False,False,True,False,False,False,True,False,False,False,False,False,True,False,False,Dropout,,False
-0.5540677512436588,0.1809899919409327,-0.3575959388142468,-0.562167955812708,5,11,11,11,13.181818181818182,0,5,11,11,11,12.909090909090908,0,0,0,0,1.0,1.0,1.0,1.0,True,False,False,False,False,True,False,True,False,False,True,False,False,False,False,True,False,False,True,False,False,False,False,False,True,True,False,Graduate,,False
1.7296549799693344,0.1809899919409327,0.0015110566997204,-0.6939730878554988,0,6,10,6,12.25,0,0,6,9,6,13.714285714285714,0,0,1,0,1.0,1.0,1.6666666666666667,1.5,True,False,False,False,False,False,False,False,False,False,False,False,False,False,False,False,False,False,False,False,False,False,True,False,True,False,False,Graduate,Graduate,True
0.9684140695650034,0.2568231649969612,0.1396291318974001,-0.562167955812708,0,6,7,6,14.0,0,0,6,8,5,12.2,0,0,0,0,1.0,0.8333333333333334,1.1666666666666667,1.3333333333333333,True,False,False,False,False,True,False,False,False,False,True,False,False,False,True,False,False,False,False,True,False,False,True,False,True,True,False,Dropout,,False
-0.5540677512436588,2.8351510489019294,2.971049673449833,-0.4303628237699172,7,11,13,11,15.692307692307692,0,4,9,9,9,15.555555555555555,0,0,1,0,1.0,1.0,1.181818181818182,1.0,True,False,False,True,False,False,True,False,False,True,False,False,False,False,True,False,False,False,False,False,False,False,False,False,True,False,False,Graduate,,False
-0.5540677512436588,-0.9565076038994944,-0.8202914907264739,-0.562167955812708,0,6,8,6,13.857142857142858,0,0,6,9,5,13.4,0,0,1,0,1.0,0.8333333333333334,1.3333333333333333,1.5,True,False,False,True,False,False,False,False,False,False,False,False,False,False,False,False,False,False,False,False,False,False,True,False,True,False,False,Graduate,Dropout,False
-0.5540677512436588,2.4559851836217867,1.7556106117102526,-0.6939730878554988,0,6,8,6,15.5,0,0,6,7,6,14.285714285714286,0,0,1,0,1.0,1.0,1.3333333333333333,1.1666666666666667,True,False,False,False,False,True,False,False,False,False,False,False,False,False,False,False,False,False,False,False,False,False,True,False,True,True,False,Graduate,,False
-0.5540677512436588,0.0293236458288757,-0.4749963027322748,-0.6939730878554988,0,5,8,4,12.75,1,0,5,10,4,11.75,0,0,1,0,0.8,0.8,1.6,2.0,True,False,False,True,False,False,False,False,False,False,False,False,False,False,False,False,False,False,False,False,False,False,True,False,True,False,False,Graduate,,False
3.2521368007779965,0.1809899919409327,-0.2401955748962189,-0.6939730878554988,0,5,10,0,0.0,0,0,5,10,1,10.0,3,0,0,0,0.0,0.2,2.0,2.0,True,True,False,False,True,False,False,False,False,False,True,False,False,False,False,True,False,False,True,False,False,False,True,False,True,False,False,Enrolled,,False
-0.5540677512436588,0.0369069631344782,0.0843819018183274,0.096857704401246,5,11,29,9,12.0,6,4,10,21,9,12.555555555555555,0,1,1,0,0.8181818181818182,0.9,2.636363636363636,2.1,True,False,False,True,False,False,False,True,False,False,False,False,False,False,True,False,False,False,True,False,False,False,False,False,True,False,False,Graduate,,False
0.2071731591606723,0.3326563380529896,-0.0468302696194676,-0.562167955812708,0,7,9,6,12.339999999999998,0,0,8,9,8,13.01875,0,0,1,0,0.8571428571428571,1.0,1.2857142857142858,1.125,True,False,False,True,False,False,False,False,False,False,False,False,False,False,True,False,False,False,False,False,False,False,True,False,True,True,False,Graduate,Graduate,True
2.490895890373665,2.076819318341645,0.8785608342049855,-0.6939730878554988,0,0,0,0,0.0,0,0,0,0,0,0.0,0,0,1,0,0.0,0.0,0.0,0.0,True,True,False,False,False,True,False,False,False,False,False,False,False,False,True,False,False,False,True,False,False,False,False,False,True,False,False,Dropout,,False
-0.5540677512436588,1.166821241669303,1.0166789094026651,-0.6939730878554988,0,6,8,5,11.6,0,0,6,11,4,13.0,0,0,1,1,0.8333333333333334,0.6666666666666666,1.3333333333333333,1.8333333333333333,True,True,False,False,False,True,False,False,False,False,False,False,False,False,False,False,False,False,False,False,False,False,False,False,False,False,False,Dropout,,False
-0.5540677512436588,-2.0181720266838927,-1.545411385514292,-0.2985576917271264,0,6,10,5,14.0,0,0,6,11,4,14.8,0,0,1,1,0.8333333333333334,0.6666666666666666,1.6666666666666667,1.8333333333333333,True,True,False,True,False,False,False,False,False,False,False,False,False,False,False,True,False,False,True,False,False,False,False,False,False,False,False,Enrolled,,False
-0.5540677512436588,0.2568231649969612,0.6230423950892789,-0.562167955812708,0,6,6,6,11.833333333333334,0,0,6,8,6,12.875,0,0,0,1,1.0,1.0,1.0,1.3333333333333333,True,False,False,False,False,True,False,False,False,False,True,False,True,False,False,False,False,False,False,False,False,False,True,True,False,True,False,Graduate,,False
-0.5540677512436588,0.0369069631344782,-1.200116197520093,-0.6939730878554988,0,6,13,4,12.25,0,0,6,15,5,11.0,0,0,1,0,0.6666666666666666,0.8333333333333334,2.1666666666666665,2.5,True,False,False,True,False,False,False,True,False,False,False,False,False,False,False,False,False,False,False,False,False,False,False,False,True,False,True,Dropout,,False
0.2071731591606723,0.3326563380529896,0.2363117845357762,-0.6939730878554988,0,5,10,1,12.0,0,0,5,7,3,10.666666666666666,2,0,1,1,0.2,0.6,2.0,1.4,True,True,False,False,True,False,False,False,False,False,False,False,False,False,True,False,False,False,True,False,False,False,True,True,True,False,False,Dropout,,False
-0.5540677512436588,1.4701539338934166,2.066376280905032,-0.6939730878554988,0,7,10,7,14.668,0,0,8,8,8,14.63375,0,0,1,0,1.0,1.0,1.4285714285714286,1.0,True,False,False,True,False,False,False,False,False,False,False,False,False,False,False,True,False,False,False,False,False,False,False,False,True,True,False,Graduate,Graduate,True
-0.5540677512436588,-0.5015085655633235,0.3951475710131067,-0.6939730878554988,0,6,7,6,12.666666666666666,0,0,6,7,5,12.2,0,0,1,0,1.0,0.8333333333333334,1.1666666666666667,1.1666666666666667,True,False,False,False,False,True,False,False,False,False,False,False,False,False,False,False,False,False,False,False,False,False,False,False,True,True,False,Graduate,Enrolled,False
-0.5540677512436588,0.5601558572210751,-1.531599577994524,2.996570609342644,14,19,24,19,12.210526315789474,0,11,13,13,13,11.384615384615383,0,1,1,0,1.0,1.0,1.263157894736842,1.0,False,False,False,False,False,True,False,True,False,False,False,False,False,False,False,False,False,False,False,False,False,False,False,False,True,False,False,Graduate,,False
-0.5540677512436588,1.015154895557246,0.0843819018183274,-0.6939730878554988,0,6,8,4,13.25,0,0,6,10,3,10.666666666666666,0,0,1,1,0.6666666666666666,0.5,1.3333333333333333,1.6666666666666667,True,False,False,False,False,True,False,False,False,False,False,False,False,False,False,True,False,False,True,False,False,False,False,True,True,False,False,Enrolled,,False
0.2071731591606723,-0.1981758733392096,-1.6282822306328992,0.8876884966579909,4,7,9,7,11.75,0,3,8,12,7,11.142857142857142,0,1,0,0,1.0,0.875,1.2857142857142858,1.5,False,False,False,False,False,False,False,True,True,False,True,False,False,False,False,False,False,False,False,False,False,False,False,False,True,False,False,Dropout,,False
-0.5540677512436588,-2.473171065020064,-1.863082958468955,0.096857704401246,0,8,16,2,10.25,1,0,8,16,2,10.25,1,1,1,1,0.25,0.25,2.0,2.0,True,True,False,True,False,False,False,True,False,False,False,False,False,False,False,False,False,False,False,False,False,False,False,True,True,False,False,Dropout,,False
0.2071731591606723,-0.6531749116753804,-0.8548210095258938,-0.2985576917271264,0,6,8,5,12.8,0,0,6,7,5,11.2,0,0,0,0,0.8333333333333334,0.8333333333333334,1.3333333333333333,1.1666666666666667,True,False,False,False,False,True,False,False,False,False,True,False,True,False,False,True,False,False,True,False,False,False,True,False,True,False,False,Graduate,,False
0.2071731591606723,-0.1223427002831811,0.6161364913293953,-0.4303628237699172,0,5,8,1,10.0,0,0,5,7,1,11.0,0,0,1,0,0.2,0.2,1.6,1.4,True,True,False,False,False,False,True,False,False,False,False,False,False,False,False,False,False,False,False,False,False,False,True,False,True,False,False,Dropout,,False
-0.5540677512436588,0.0369069631344782,-2.2014722427032707,3.3919860054710163,0,5,5,0,0.0,0,0,5,6,0,0.0,0,1,1,1,0.0,0.0,1.0,1.2,True,True,False,False,True,False,False,True,False,True,False,False,False,False,False,False,True,False,False,False,True,False,False,False,False,False,False,Dropout,,False
0.2071731591606723,2.6834847027898725,-0.0123007508200476,-0.6939730878554988,0,6,7,5,12.6,0,0,6,6,6,13.0,0,0,1,0,0.8333333333333334,1.0,1.1666666666666667,1.0,True,True,False,False,False,True,False,False,False,False,False,False,False,False,False,True,False,False,False,False,False,False,True,False,True,False,False,Enrolled,,False
-0.5540677512436588,0.2568231649969612,0.4296770898125266,-0.562167955812708,0,6,8,5,11.0,0,0,6,13,5,11.4,0,0,1,0,0.8333333333333334,0.8333333333333334,1.3333333333333333,2.1666666666666665,True,False,False,False,False,True,False,False,False,False,False,False,False,False,False,False,True,False,False,False,False,False,True,False,True,False,False,Graduate,,False
-0.5540677512436588,0.0369069631344782,0.8992785454846383,1.1512987607435723,0,6,7,0,0.0,0,0,6,6,0,0.0,0,1,0,1,0.0,0.0,1.1666666666666667,1.0,False,False,False,True,False,False,False,True,False,True,False,False,False,True,True,False,False,False,False,True,False,False,True,True,False,False,False,Dropout,,False
-0.5540677512436588,0.1051568188849042,0.4158652822927594,-0.4303628237699172,0,6,8,6,15.142857142857142,0,0,6,8,6,15.142857142857142,0,0,1,0,1.0,1.0,1.3333333333333333,1.3333333333333333,True,False,False,True,False,False,False,False,False,False,False,False,False,False,False,False,False,False,False,False,False,False,True,False,True,True,False,Graduate,Graduate,True
-0.5540677512436588,-0.7290080847314089,-0.371407746334015,-0.6939730878554988,0,7,12,5,12.0,0,0,7,9,6,12.666666666666666,0,0,1,0,0.7142857142857143,0.8571428571428571,1.7142857142857142,1.2857142857142858,True,False,False,False,False,True,False,False,False,False,False,False,False,False,False,False,False,False,False,False,False,False,True,False,True,False,False,Enrolled,Graduate,False
-0.5540677512436588,-1.3356734691796368,-0.8271973944863575,-0.562167955812708,0,6,6,6,12.0,0,0,6,7,6,12.857142857142858,0,0,1,0,1.0,1.0,1.0,1.1666666666666667,True,False,False,False,False,True,False,False,False,False,False,False,False,False,True,False,False,False,True,False,False,False,True,False,True,False,False,Graduate,,False
0.2071731591606723,-1.259840296123608,-1.165586678720673,-0.6939730878554988,0,6,6,6,13.333333333333334,0,0,6,6,6,12.0,0,0,1,0,1.0,1.0,1.0,1.0,True,False,False,False,False,True,False,False,False,False,False,False,False,False,True,False,False,False,False,False,False,False,True,False,True,False,False,Graduate,,False
-0.5540677512436588,2.076819318341645,2.349518335060275,-0.1667525596843355,0,8,8,7,13.08,0,0,8,8,7,13.08,0,0,1,0,0.875,0.875,1.0,1.0,True,False,False,True,False,False,False,True,False,False,False,False,False,False,False,False,False,False,False,False,False,False,True,False,True,True,False,Graduate,Graduate,True
1.7296549799693344,0.7118222033331321,0.0222287679793722,-0.6939730878554988,0,8,8,7,15.075714285714286,0,0,8,8,7,15.075714285714286,0,0,1,0,0.875,0.875,1.0,1.0,True,False,False,True,False,False,False,False,False,False,False,False,False,False,False,False,False,False,True,False,False,False,True,False,True,False,False,Graduate,,False
-0.5540677512436588,-1.259840296123608,-1.0965276411218332,-0.6939730878554988,0,6,9,6,11.333333333333334,0,0,6,9,6,11.833333333333334,0,0,1,0,1.0,1.0,1.5,1.5,True,False,False,False,False,True,False,False,False,False,False,False,False,False,False,False,False,False,False,False,False,False,True,False,True,True,False,Graduate,,False
-0.5540677512436588,0.5601558572210751,0.8992785454846383,0.6240782325724092,0,7,0,0,0.0,0,0,8,0,0,0.0,0,1,1,0,0.0,0.0,0.0,0.0,True,False,False,True,False,False,True,False,True,False,False,False,False,False,False,False,True,False,False,False,True,False,False,False,True,False,False,Dropout,Graduate,False
-0.5540677512436588,0.7876553763891605,0.1879704582165872,-0.6939730878554988,0,0,0,0,0.0,0,0,0,0,0,0.0,0,0,0,0,0.0,0.0,0.0,0.0,True,False,False,False,False,True,False,False,False,False,True,False,False,False,False,True,False,False,False,False,False,False,True,False,True,False,False,Graduate,,False
-0.5540677512436588,0.7876553763891605,-0.0123007508200476,-0.562167955812708,0,8,8,7,14.535714285714286,0,0,8,8,7,14.535714285714286,0,0,0,0,0.875,0.875,1.0,1.0,True,True,False,True,False,False,False,False,False,False,True,False,False,False,False,True,False,False,False,False,False,False,False,False,True,False,False,Graduate,,False
0.2071731591606723,-0.0465095272271526,-0.5440553403311146,-0.1667525596843355,0,6,8,5,11.6,0,0,6,7,6,12.0,0,0,1,0,0.8333333333333334,1.0,1.3333333333333333,1.1666666666666667,True,False,False,False,False,True,False,False,False,False,False,False,False,False,False,False,False,False,False,False,False,False,True,False,True,True,True,Graduate,,False
3.2521368007779965,-0.577341738619352,-0.4473726876927384,-0.6939730878554988,0,6,6,6,14.0,0,0,6,6,6,14.666666666666666,0,0,1,0,1.0,1.0,1.0,1.0,True,True,False,False,False,False,False,False,False,False,False,False,False,False,True,False,False,False,False,True,False,False,True,False,True,False,False,Graduate,,False
0.2071731591606723,0.6359890302771035,0.2224999770160071,-0.2985576917271264,0,7,11,7,14.072222222222225,0,0,8,8,8,14.0475,0,0,1,0,1.0,1.0,1.5714285714285714,1.0,True,False,False,True,False,False,False,False,False,False,False,False,False,False,False,False,False,False,False,False,False,False,True,False,True,False,False,Graduate,,False
-0.5540677512436588,0.9924049436404364,1.2929150597980246,0.2286628364440368,8,16,16,15,13.333333333333334,0,11,13,13,11,12.272727272727272,0,1,1,0,0.9375,0.8461538461538461,1.0,1.0,True,False,True,False,False,True,False,True,False,False,False,False,False,False,False,False,False,False,False,False,False,False,True,False,True,False,True,Graduate,,False
0.9684140695650034,-0.6531749116753804,-0.7097970305683295,-0.562167955812708,0,5,6,0,0.0,0,0,5,6,0,0.0,0,0,1,0,0.0,0.0,1.2,1.2,True,True,False,False,False,False,False,False,False,False,False,False,False,False,True,False,False,False,False,True,False,False,True,False,True,False,False,Enrolled,,False
-0.5540677512436588,0.1809899919409327,-0.3161605162549423,-0.562167955812708,0,5,10,5,10.875,0,0,5,8,4,12.4,0,0,1,1,1.0,0.8,2.0,1.6,True,False,False,False,False,False,False,False,False,False,False,False,False,False,True,False,False,False,True,False,False,False,False,True,True,False,False,Graduate,,False
0.9684140695650034,-0.8806744308434659,-0.7995737794468212,-0.562167955812708,0,6,7,6,11.714285714285714,0,0,6,6,6,11.833333333333334,0,0,1,0,1.0,1.0,1.1666666666666667,1.0,True,False,False,False,False,True,False,False,False,False,False,False,False,False,False,False,False,False,False,False,False,False,True,False,True,True,False,Graduate,,False
-0.5540677512436588,-2.473171065020064,-1.863082958468955,-0.4303628237699172,0,6,8,6,12.5,0,0,6,10,5,14.166666666666666,0,0,1,0,1.0,0.8333333333333334,1.3333333333333333,1.6666666666666667,True,False,False,False,False,False,False,False,False,False,False,False,False,False,False,False,False,False,False,False,False,False,False,False,True,False,False,Graduate,,False
-0.5540677512436588,-1.714839334459779,-1.863082958468955,1.414909024829154,9,11,17,9,12.333333333333334,0,3,7,12,7,12.142857142857142,0,1,1,0,0.8181818181818182,1.0,1.5454545454545454,1.7142857142857142,False,False,True,False,False,True,False,True,False,False,False,False,False,False,False,False,False,False,False,True,False,False,False,False,True,False,False,Graduate,,False
-0.5540677512436588,1.849319799173559,1.3274445785974445,-0.4303628237699172,0,6,8,6,15.25,0,0,6,7,6,14.714285714285714,0,0,1,0,1.0,1.0,1.3333333333333333,1.1666666666666667,True,False,False,False,False,False,False,False,False,False,False,False,False,False,False,False,False,False,False,False,False,False,True,False,True,True,False,Graduate,,False
-0.5540677512436588,2.8351510489019294,1.935164109467236,-0.6939730878554988,0,6,6,6,15.5,0,0,6,6,6,14.166666666666666,0,0,1,0,1.0,1.0,1.0,1.0,True,True,False,False,False,True,False,False,False,False,False,False,False,False,False,False,False,False,False,False,False,False,False,False,True,True,False,Graduate,,False
-0.5540677512436588,1.166821241669303,0.3191826296543833,-0.2985576917271264,6,12,12,8,13.875,0,4,11,13,9,12.7,1,0,0,0,0.6666666666666666,0.8181818181818182,1.0,1.181818181818182,True,False,False,False,False,True,False,False,False,False,True,False,True,False,True,False,False,False,False,True,False,False,True,False,True,False,False,Dropout,Enrolled,False
-0.5540677512436588,1.3943207608373882,1.348162289877097,-0.6939730878554988,0,6,6,6,13.333333333333334,0,0,6,6,6,14.166666666666666,0,0,1,0,1.0,1.0,1.0,1.0,True,False,False,False,False,True,False,False,False,False,False,False,False,False,True,False,False,False,False,False,False,False,False,False,True,True,True,Graduate,,False
0.2071731591606723,-0.1981758733392096,-0.3437841312944786,-0.4303628237699172,0,5,8,2,10.5,0,0,5,11,4,12.25,0,0,1,0,0.4,0.8,1.6,2.2,True,True,False,False,False,False,False,False,False,False,False,False,False,False,True,False,False,False,False,False,False,False,True,False,True,False,False,Enrolled,,False
-0.5540677512436588,-0.7290080847314089,-0.5026199177718101,-0.4303628237699172,0,7,8,0,0.0,1,0,7,7,0,0.0,0,0,1,0,0.0,0.0,1.1428571428571428,1.0,True,True,False,True,False,False,False,False,False,False,False,False,False,False,False,False,False,False,False,False,False,False,False,False,True,False,False,Dropout,,False
-0.5540677512436588,0.0369069631344782,-0.4819022064921583,1.1512987607435723,0,8,9,7,12.757142857142856,0,0,8,9,7,12.757142857142856,0,1,1,0,0.875,0.875,1.125,1.125,False,False,False,True,False,False,False,True,False,False,False,False,False,False,False,False,False,False,False,False,False,False,False,False,True,True,False,Graduate,,False
-0.5540677512436588,-0.1981758733392096,-1.1863043900003247,-0.0349474276415447,0,3,3,0,0.0,0,0,2,2,0,0.0,0,0,1,1,0.0,0.0,1.0,1.0,True,True,False,False,False,False,False,True,False,False,False,False,False,False,False,False,False,True,False,False,False,True,True,False,False,False,False,Dropout,,False
-0.5540677512436588,-0.1981758733392096,-0.4680903989723902,0.8876884966579909,0,5,7,5,11.0,0,0,5,5,5,11.6,0,1,1,0,1.0,1.0,1.4,1.0,True,True,True,False,False,False,False,True,False,False,False,False,False,False,False,False,False,False,False,False,False,False,True,False,True,False,False,Graduate,,False
-0.5540677512436588,0.6359890302771035,0.5816069725299754,-0.6939730878554988,0,7,9,7,12.50625,0,0,8,15,5,13.2,0,0,0,0,1.0,0.625,1.2857142857142858,1.875,True,False,False,True,False,False,False,False,False,False,True,False,False,False,False,True,False,False,False,False,False,False,True,False,True,False,False,Enrolled,,False
-0.5540677512436588,0.0293236458288757,0.1258173243776329,-0.562167955812708,6,12,12,12,13.166666666666666,0,6,12,12,12,13.0,0,0,0,0,1.0,1.0,1.0,1.0,True,True,False,False,False,True,False,True,False,False,False,False,True,False,False,False,False,False,False,True,False,False,False,False,True,False,False,Graduate,,False
0.2071731591606723,-0.6531749116753804,-0.7236088380880977,-0.4303628237699172,0,7,9,7,14.093333333333332,0,0,8,8,8,15.0,0,0,1,0,1.0,1.0,1.2857142857142858,1.0,True,False,False,True,False,False,False,False,False,False,False,False,False,False,False,False,False,False,False,False,False,False,True,False,True,True,False,Graduate,,False
-0.5540677512436588,-0.9565076038994944,-0.4819022064921583,0.6240782325724092,0,7,7,0,0.0,7,0,7,7,0,0.0,7,1,1,1,0.0,0.0,1.0,1.0,True,False,False,True,False,False,True,False,True,False,False,False,False,False,True,False,False,False,True,False,False,False,False,True,False,False,False,Dropout,,False
0.2071731591606723,-1.1840071230675795,-1.1932102937602085,-0.562167955812708,0,6,9,5,12.2,0,0,6,10,4,13.0,0,0,1,0,0.8333333333333334,0.6666666666666666,1.5,1.6666666666666667,True,False,False,False,False,True,False,False,False,False,False,False,False,False,True,False,False,False,False,False,False,False,True,False,True,False,False,Enrolled,Graduate,False
3.2521368007779965,-1.1081739500115513,-0.6890793192886778,-0.0349474276415447,0,5,9,3,10.0,1,0,5,9,3,12.333333333333334,0,0,1,1,0.6,0.6,1.8,1.8,True,True,False,False,False,False,False,False,False,False,False,False,False,False,False,False,False,False,False,False,False,False,True,False,False,False,False,Dropout,,False
-0.5540677512436588,0.0293236458288757,0.9959611981230144,-0.4303628237699172,0,0,0,0,0.0,0,0,0,0,0,0.0,0,0,1,0,0.0,0.0,0.0,0.0,True,True,False,False,False,True,False,False,False,False,False,False,False,False,False,False,False,False,False,False,False,False,False,False,True,True,False,Enrolled,,False
-0.5540677512436588,0.5601558572210751,1.1962324071596504,-0.562167955812708,2,7,7,7,13.0,0,5,9,9,9,13.22222222222222,0,0,1,0,1.0,1.0,1.0,1.0,True,False,False,False,False,True,True,False,False,False,False,False,False,False,False,False,False,False,False,False,False,False,True,False,True,False,False,Graduate,Dropout,False
-0.5540677512436588,0.0369069631344782,-0.3645018425741304,0.4922731005296184,0,7,8,6,12.6,0,0,7,9,6,11.685714285714283,0,1,1,0,0.8571428571428571,0.8571428571428571,1.1428571428571428,1.2857142857142858,True,False,False,True,False,False,False,True,False,False,False,False,False,False,False,True,False,False,False,False,False,False,False,False,True,True,False,Enrolled,,False
0.9684140695650034,0.6359890302771035,0.3260885334142669,-0.562167955812708,0,7,10,7,13.605,0,0,8,11,8,12.33125,0,0,1,0,1.0,1.0,1.4285714285714286,1.375,True,False,False,True,False,False,False,False,False,False,False,False,False,False,False,False,False,False,False,False,False,False,True,False,True,True,False,Graduate,Graduate,True
-0.5540677512436588,0.0369069631344782,0.1396291318974001,1.8103244209575264,0,6,13,4,12.0,0,0,6,10,3,12.0,0,1,1,0,0.6666666666666666,0.5,2.1666666666666665,1.6666666666666667,True,False,True,False,False,True,False,True,False,False,False,False,False,False,False,False,False,False,False,False,False,False,False,False,True,False,False,Dropout,,False
-0.5540677512436588,-0.425675392507295,0.17415865069682,-0.4303628237699172,0,7,7,6,12.333333333333334,0,0,7,7,6,12.333333333333334,0,0,1,0,0.8571428571428571,0.8571428571428571,1.0,1.0,True,False,False,True,False,False,False,False,False,False,False,False,False,False,True,False,False,False,False,False,False,False,True,False,True,True,False,Graduate,,False
0.2071731591606723,-2.473171065020064,-1.863082958468955,2.3375449491286897,0,6,9,5,11.8,0,1,6,10,3,10.666666666666666,1,1,1,0,0.8333333333333334,0.5,1.5,1.6666666666666667,False,False,True,False,False,True,False,True,False,False,False,False,False,False,False,False,True,False,False,False,True,False,True,False,True,False,False,Graduate,,False
-0.5540677512436588,-0.1981758733392096,0.2086881694962399,0.4922731005296184,2,2,2,2,12.5,0,0,5,6,2,12.5,0,1,0,0,1.0,0.4,1.0,1.2,False,True,True,False,False,False,False,True,False,False,True,False,True,False,False,True,False,False,False,True,False,False,False,False,True,False,False,Enrolled,,False
-0.5540677512436588,-0.1981758733392096,-0.6407379929694897,1.414909024829154,10,12,12,10,12.0,0,5,10,11,5,11.0,0,1,1,0,0.8333333333333334,0.5,1.0,1.1,True,False,False,False,True,False,False,True,False,False,False,False,False,False,False,False,False,False,False,False,False,False,False,False,True,False,False,Dropout,,False
2.490895890373665,-0.1981758733392096,-0.7719501644072858,-0.6939730878554988,0,6,0,0,0.0,0,0,6,0,0,0.0,0,0,1,1,0.0,0.0,0.0,0.0,True,False,False,True,False,False,False,False,False,False,False,False,False,False,False,False,False,True,False,False,False,False,False,False,False,False,False,Dropout,,False
1.7296549799693344,-1.0323407769555228,-0.5993025704101862,-0.562167955812708,0,6,8,4,11.25,0,0,6,0,0,0.0,0,0,1,0,0.6666666666666666,0.0,1.3333333333333333,0.0,True,False,False,False,False,True,False,False,False,False,False,False,False,False,False,False,False,False,False,False,False,False,False,False,True,False,False,Dropout,,False
-0.5540677512436588,0.0369069631344782,0.4158652822927594,0.096857704401246,0,7,9,6,12.585714285714284,0,0,8,9,7,13.44285714285714,0,1,1,0,0.8571428571428571,0.875,1.2857142857142858,1.125,True,False,False,True,False,False,False,True,False,False,False,False,False,False,False,False,False,False,False,False,False,False,False,False,True,False,False,Graduate,Enrolled,False
0.2071731591606723,-1.866505680571836,-1.4556346366357995,-0.2985576917271264,0,5,9,4,10.75,0,0,5,6,5,11.4,0,0,1,0,0.8,1.0,1.8,1.2,True,True,False,False,False,False,False,False,False,False,False,False,False,False,True,False,False,False,True,False,False,False,True,False,True,False,False,Graduate,,False
3.2521368007779965,-1.1081739500115513,-0.9307859508846172,-0.6939730878554988,0,7,7,7,13.175714285714289,0,0,8,8,8,14.925,0,0,1,0,1.0,1.0,1.0,1.0,True,True,False,True,False,False,False,False,False,False,False,False,False,False,False,True,False,False,False,True,False,False,True,False,True,False,False,Graduate,,False
-0.5540677512436588,-0.1981758733392096,0.2086881694962399,2.8647654772998528,0,5,6,5,11.0,0,0,5,5,5,13.8,0,1,0,0,1.0,1.0,1.2,1.0,False,False,False,False,False,False,True,False,True,False,False,False,True,False,False,True,False,False,False,False,False,False,False,False,True,False,False,Graduate,Graduate,True
-0.5540677512436588,-0.1981758733392096,0.6921014326881187,0.6240782325724092,0,5,11,4,10.5,0,0,5,12,4,11.0,4,1,0,0,0.8,0.8,2.2,2.4,True,True,False,False,True,False,False,True,False,False,False,False,True,False,False,False,False,False,False,True,False,False,True,False,True,False,False,Enrolled,,False
-0.5540677512436588,-0.8806744308434659,-0.8341032982462411,-0.2985576917271264,0,7,9,6,13.342857142857143,0,0,8,10,7,11.65,0,0,1,0,0.8571428571428571,0.875,1.2857142857142858,1.25,True,True,False,True,False,False,False,False,False,False,False,False,False,False,True,False,False,False,True,False,False,False,False,False,True,True,False,Graduate,,False
-0.5540677512436588,0.4084895111090181,0.6161364913293953,-0.562167955812708,0,6,11,5,11.6,0,0,6,11,6,11.666666666666666,0,0,1,0,0.8333333333333334,1.0,1.8333333333333333,1.8333333333333333,True,False,False,False,False,True,False,False,False,False,False,False,False,False,False,False,False,False,False,False,False,False,True,False,True,False,False,Enrolled,,False
0.9684140695650034,0.7118222033331321,1.3757859049166334,-0.6939730878554988,0,6,6,6,13.0,0,0,6,6,6,12.166666666666666,0,0,1,0,1.0,1.0,1.0,1.0,True,False,False,False,False,True,False,False,False,False,False,False,False,False,False,True,False,False,True,False,False,False,True,False,True,True,False,Graduate,Dropout,False
2.490895890373665,-0.577341738619352,-0.0606420771392357,-0.1667525596843355,0,6,10,5,13.4,0,0,6,12,3,10.666666666666666,0,0,0,0,0.8333333333333334,0.5,1.6666666666666667,2.0,True,True,False,False,False,True,False,False,False,False,False,False,True,False,True,False,False,False,False,True,False,False,True,False,True,False,False,Enrolled,,False
-0.5540677512436588,1.3184875877813598,1.1064556582811578,-0.6939730878554988,0,6,6,5,13.0,0,0,6,6,6,13.666666666666666,0,0,1,0,0.8333333333333334,1.0,1.0,1.0,True,False,False,False,False,True,False,False,False,False,False,False,False,False,False,False,False,False,True,False,False,False,False,False,True,False,False,Graduate,,False
0.9684140695650034,0.0369069631344782,-1.7940239208701152,-0.0349474276415447,0,5,0,0,0.0,0,0,5,0,0,0.0,0,0,1,1,0.0,0.0,0.0,0.0,True,True,False,False,False,False,False,False,False,False,False,False,False,False,True,False,False,False,False,False,False,False,True,False,False,False,False,Dropout,,False
-0.5540677512436588,0.7876553763891605,0.671383721408466,-0.562167955812708,2,7,8,7,12.67,0,1,8,8,8,13.55,0,0,0,0,1.0,1.0,1.1428571428571428,1.0,True,False,False,True,False,False,False,False,False,False,True,False,False,False,False,True,False,False,True,False,False,False,False,False,True,False,False,Graduate,Graduate,True
1.7296549799693344,0.3326563380529896,0.0981937093380966,-0.562167955812708,0,7,7,7,13.385714285714286,0,0,8,8,8,15.925,0,0,1,0,1.0,1.0,1.0,1.0,True,False,False,True,False,False,False,False,False,False,False,False,False,False,False,False,False,False,False,False,False,False,True,False,True,True,False,Graduate,,False
-0.5540677512436588,0.5601558572210751,0.008416960459604,-0.6939730878554988,0,5,8,4,13.25,1,0,5,10,4,10.5,0,0,1,0,0.8,0.8,1.6,2.0,True,False,False,True,False,False,True,False,False,False,False,False,False,False,False,False,False,False,False,False,False,False,True,False,True,False,False,Graduate,,False
-0.5540677512436588,-2.473171065020064,1.797046034269556,-0.1667525596843355,3,6,7,3,14.5,0,4,7,8,4,14.375,0,0,0,0,0.5,0.5714285714285714,1.1666666666666667,1.1428571428571428,True,True,False,True,False,False,False,True,False,False,True,False,False,False,False,True,False,False,False,False,False,False,False,False,True,False,False,Enrolled,,False
-0.5540677512436588,-1.714839334459779,-0.999844988483457,-0.4303628237699172,8,10,14,9,12.333333333333334,0,3,7,10,7,11.77777777777778,0,0,1,0,0.9,1.0,1.4,1.4285714285714286,True,False,False,False,False,True,False,True,False,False,False,False,False,False,False,False,False,True,False,False,False,True,True,False,True,False,False,Graduate,,False
-0.5540677512436588,-0.3498422194512666,0.0567582867787921,-0.562167955812708,0,7,8,7,14.4125,0,0,8,8,8,16.05,0,0,0,0,1.0,1.0,1.1428571428571428,1.0,True,False,False,True,False,False,False,False,False,False,True,False,False,False,False,True,False,False,False,True,False,False,False,False,True,True,False,Graduate,Enrolled,False
-0.5540677512436588,0.0369069631344782,1.465562653795124,0.4922731005296184,0,6,11,6,12.125,0,0,6,16,5,12.0,0,1,1,1,1.0,0.8333333333333334,1.8333333333333333,2.6666666666666665,True,False,False,True,False,False,False,True,False,False,False,False,False,False,False,False,False,False,False,False,False,False,True,True,True,False,False,Enrolled,,False
-0.5540677512436588,-0.1981758733392096,0.2086881694962399,0.2286628364440368,0,6,6,0,0.0,0,0,6,8,0,0.0,0,1,1,0,0.0,0.0,1.0,1.3333333333333333,True,True,False,False,False,True,True,False,False,True,False,False,False,False,False,False,False,False,False,False,False,False,False,False,True,False,False,Dropout,,False
-0.5540677512436588,-0.3498422194512666,0.3122767258944997,-0.6939730878554988,0,8,8,8,12.77125,0,0,8,8,8,12.77125,0,0,1,0,1.0,1.0,1.0,1.0,True,False,False,True,False,False,False,False,False,False,False,False,False,False,False,False,False,False,False,False,False,False,False,False,True,False,False,Graduate,Dropout,False
-0.5540677512436588,-0.1223427002831811,-0.1089834034584228,-0.4303628237699172,0,6,13,6,15.692307692307692,0,0,6,13,5,14.428571428571429,0,0,1,0,1.0,0.8333333333333334,2.1666666666666665,2.1666666666666665,True,False,False,True,False,False,False,False,False,False,False,False,False,False,False,False,False,False,False,False,False,False,True,False,True,False,False,Graduate,,False
0.2071731591606723,-0.6531749116753804,-0.2540073824159871,-0.1667525596843355,0,6,7,6,10.833333333333334,0,0,6,6,6,10.666666666666666,0,0,1,0,1.0,1.0,1.1666666666666667,1.0,True,False,False,False,False,False,False,False,False,False,False,False,False,False,False,False,False,False,False,False,False,False,True,False,True,False,True,Graduate,Graduate,True
2.490895890373665,-0.3498422194512666,-0.4266549764130867,-0.562167955812708,0,7,9,7,13.507142857142856,0,0,8,12,8,13.05,0,0,1,0,1.0,1.0,1.2857142857142858,1.5,True,False,False,True,False,False,False,False,False,False,False,False,False,False,True,False,False,False,True,False,False,False,True,False,True,True,False,Graduate,,False
0.2071731591606723,-0.577341738619352,-0.3299723237747105,-0.6939730878554988,0,6,0,0,0.0,0,0,6,0,0,0.0,0,0,1,0,0.0,0.0,0.0,0.0,True,False,False,False,False,True,False,False,False,False,False,False,False,False,True,False,False,False,True,False,False,False,True,False,True,False,False,Dropout,,False
-0.5540677512436588,0.1051568188849042,0.3951475710131067,-0.1667525596843355,9,13,13,13,14.0,0,7,12,13,12,13.0,0,0,1,0,1.0,1.0,1.0,1.0833333333333333,True,True,False,False,False,True,False,True,False,False,False,False,False,False,False,False,False,False,False,False,False,False,True,False,True,False,False,Graduate,,False
0.2071731591606723,0.0293236458288757,-0.454278591452622,-0.1667525596843355,0,5,5,5,14.8,0,0,5,5,5,15.8,0,0,0,0,1.0,1.0,1.0,1.0,True,False,False,False,False,False,False,False,False,False,True,False,False,False,False,True,False,False,False,False,False,False,True,False,True,False,False,Graduate,Dropout,False
-0.5540677512436588,0.0369069631344782,-0.4819022064921583,1.546714156871945,0,8,9,8,13.63,1,0,8,9,8,13.63,1,1,1,0,1.0,1.0,1.125,1.125,False,False,False,True,False,False,False,True,False,False,False,False,False,False,False,False,False,False,True,False,False,False,False,False,True,True,False,Graduate,,False
-0.5540677512436588,1.3184875877813598,1.5898689214730366,-0.2985576917271264,0,6,12,5,13.625,0,0,6,6,5,12.6,0,0,1,0,0.8333333333333334,0.8333333333333334,2.0,1.0,True,True,False,False,False,True,True,False,False,True,False,False,False,False,False,False,False,False,False,False,False,False,True,False,True,False,False,Graduate,,False
-0.5540677512436588,2.076819318341645,2.280459297461435,-0.0349474276415447,1,6,12,4,13.4,0,1,6,17,2,13.5,0,0,1,0,0.6666666666666666,0.3333333333333333,2.0,2.833333333333333,True,False,False,True,False,False,True,False,False,True,False,False,False,False,True,False,False,False,True,False,False,False,True,False,True,False,False,Enrolled,,False
0.2071731591606723,-0.1223427002831811,0.3053708221346161,-0.4303628237699172,0,0,0,0,0.0,0,0,0,0,0,0.0,0,0,1,0,0.0,0.0,0.0,0.0,True,True,False,False,False,True,False,False,False,False,False,False,False,False,True,False,False,False,False,False,False,False,True,False,True,False,True,Graduate,Dropout,False
-0.5540677512436588,-0.577341738619352,-0.8341032982462411,-0.2985576917271264,0,6,8,3,13.666666666666666,0,0,6,7,3,10.666666666666666,0,0,1,1,0.5,0.5,1.3333333333333333,1.1666666666666667,True,False,False,False,False,True,False,False,False,False,False,False,False,False,False,False,False,False,False,False,False,False,True,True,False,False,False,Dropout,,False
0.2071731591606723,-0.7290080847314089,-0.7097970305683295,-0.562167955812708,0,6,8,5,13.0,0,0,6,8,4,10.75,0,0,1,0,0.8333333333333334,0.6666666666666666,1.3333333333333333,1.3333333333333333,True,False,False,False,False,True,False,False,False,False,False,False,False,False,False,True,False,False,False,False,False,False,True,False,True,False,False,Graduate,,False
-0.5540677512436588,0.0369069631344782,0.2086881694962399,-0.4303628237699172,0,6,10,5,13.4,0,0,6,9,5,11.4,0,0,1,1,0.8333333333333334,0.8333333333333334,1.6666666666666667,1.5,True,False,False,False,False,True,False,False,False,False,False,False,False,False,False,False,False,False,False,False,False,False,False,False,False,True,False,Graduate,,False
0.9684140695650034,-0.7290080847314089,-0.1297011147380756,-0.6939730878554988,0,6,6,6,14.333333333333334,0,0,6,6,6,15.333333333333334,0,0,1,1,1.0,1.0,1.0,1.0,True,True,False,False,False,True,False,False,False,False,False,False,False,False,True,False,False,False,False,False,False,False,True,True,True,True,False,Graduate,,False
2.490895890373665,-0.1223427002831811,-0.4680903989723902,-0.562167955812708,0,6,9,5,11.333333333333334,0,0,6,6,6,10.833333333333334,0,0,1,0,0.8333333333333334,1.0,1.5,1.0,True,False,False,False,False,True,False,False,False,False,False,False,False,False,True,False,False,False,False,False,False,False,True,False,True,True,False,Enrolled,,False
-0.5540677512436588,0.0369069631344782,-0.4819022064921583,0.3604679684868276,0,5,5,0,0.0,0,0,5,5,0,0.0,5,1,0,1,0.0,0.0,1.0,1.0,True,True,False,False,False,False,False,True,False,False,True,False,False,True,False,True,False,False,False,True,False,False,False,True,False,False,False,Dropout,,False
-0.5540677512436588,-0.9565076038994944,0.8992785454846383,1.2831038927863632,0,5,14,1,18.0,0,0,5,9,2,13.0,0,1,1,0,0.2,0.4,2.8,1.8,False,True,False,False,True,False,False,True,False,False,False,False,False,False,False,False,True,False,False,False,True,False,True,False,True,False,False,Dropout,Graduate,False
0.2071731591606723,2.3801520105657583,2.681001715534707,-0.6939730878554988,0,6,7,6,14.166666666666666,0,0,6,7,6,14.857142857142858,0,0,1,0,1.0,1.0,1.1666666666666667,1.1666666666666667,True,False,False,False,False,True,False,False,False,False,False,False,False,False,False,False,False,False,False,False,False,False,True,False,True,False,False,Graduate,,False
-0.5540677512436588,0.5601558572210751,-0.2816309974555224,4.182816797727761,0,5,10,1,10.0,0,0,5,8,2,12.0,2,1,1,0,0.2,0.4,2.0,1.6,True,False,False,False,False,False,False,True,False,False,False,False,False,False,False,False,False,False,False,False,False,False,False,False,True,False,False,Dropout,Graduate,False
0.2071731591606723,0.0369069631344782,0.2086881694962399,0.8876884966579909,0,6,0,0,0.0,0,0,6,0,0,0.0,0,1,1,0,0.0,0.0,0.0,0.0,False,False,False,False,False,False,False,True,False,False,False,False,False,False,False,False,False,False,False,False,False,False,False,False,True,False,True,Dropout,,False
3.2521368007779965,0.5601558572210751,0.3122767258944997,-0.562167955812708,0,8,8,8,13.25375,0,0,8,8,8,13.25375,0,0,0,0,1.0,1.0,1.0,1.0,True,False,False,True,False,False,False,False,False,False,True,False,False,False,False,True,False,False,False,True,False,False,True,False,True,False,False,Graduate,Dropout,False
-0.5540677512436588,0.7118222033331321,0.0015110566997204,-0.6939730878554988,0,5,10,5,12.0,0,0,5,8,4,11.6,0,0,1,0,1.0,0.8,2.0,1.6,True,False,False,False,False,False,False,False,False,False,False,False,False,False,False,False,False,False,False,False,False,False,True,False,True,True,False,Graduate,Graduate,True
-0.5540677512436588,1.3184875877813598,0.2846531108549633,-0.562167955812708,0,6,7,5,13.4,0,0,6,6,6,12.833333333333334,0,0,1,0,0.8333333333333334,1.0,1.1666666666666667,1.0,True,False,False,False,False,True,False,False,False,False,False,False,False,False,False,False,False,False,False,False,False,False,False,False,True,True,False,Graduate,,False
0.2071731591606723,0.7118222033331321,0.968337583083478,-0.6939730878554988,0,6,6,6,13.0,0,0,6,8,1,10.0,0,0,0,0,1.0,0.1666666666666666,1.0,1.3333333333333333,True,True,False,False,False,True,False,False,False,False,True,False,False,False,False,True,False,False,True,False,False,False,True,False,True,False,False,Enrolled,,False
-0.5540677512436588,0.0369069631344782,-0.0330184620996994,0.4922731005296184,0,5,5,2,10.5,0,0,5,5,0,0.0,0,1,1,0,0.4,0.0,1.0,1.0,False,False,True,False,False,False,False,True,False,False,False,False,False,False,False,False,False,False,False,False,False,False,False,False,True,False,False,Dropout,,False
-0.5540677512436588,2.30431883750973,3.357780284003336,-0.6939730878554988,0,0,0,0,0.0,0,0,0,0,0,0.0,0,0,0,0,0.0,0.0,0.0,0.0,True,False,False,False,False,True,False,False,False,False,True,False,True,False,False,True,False,False,True,False,False,False,True,False,True,False,False,Graduate,,False
-0.5540677512436588,-0.425675392507295,-0.1435129222578428,0.7558833646152,0,5,10,5,13.571428571428571,0,0,5,14,5,12.333333333333334,3,1,1,0,1.0,1.0,2.0,2.8,True,False,True,False,False,False,False,False,True,False,False,False,False,False,False,False,False,False,False,False,False,False,False,False,True,False,False,Graduate,Dropout,False
-0.5540677512436588,0.0369069631344782,1.5553394026736167,3.2601808734282254,0,6,6,0,0.0,0,0,5,6,0,0.0,0,1,1,0,0.0,0.0,1.0,1.2,False,True,True,False,False,True,False,True,False,False,False,False,False,False,False,False,False,False,False,False,False,False,False,False,True,False,False,Dropout,,False
-0.5540677512436588,-1.4115066422356652,-0.9929390847235736,-0.562167955812708,0,7,10,6,11.85,0,0,8,10,7,13.65,0,0,1,0,0.8571428571428571,0.875,1.4285714285714286,1.25,True,False,False,True,False,False,False,False,False,False,False,False,False,False,True,False,False,False,False,True,False,False,True,False,True,False,False,Graduate,,False
-0.5540677512436588,1.3943207608373882,-1.863082958468955,-0.4303628237699172,0,6,12,5,12.2,0,0,6,8,5,14.6,0,0,1,1,0.8333333333333334,0.8333333333333334,2.0,1.3333333333333333,True,False,False,False,False,False,False,True,False,False,False,False,False,False,False,True,False,False,False,True,False,False,False,True,True,False,False,Enrolled,,False
-0.5540677512436588,-0.9565076038994944,-0.9100682396049656,0.4922731005296184,0,5,0,0,0.0,0,0,5,0,0,0.0,0,1,1,1,0.0,0.0,0.0,0.0,True,True,False,False,True,False,False,True,False,False,False,False,False,False,False,False,False,False,False,False,False,False,False,False,False,False,False,Dropout,,False
-0.5540677512436588,-0.1981758733392096,-0.3437841312944786,-0.2985576917271264,0,6,8,1,10.0,0,0,6,13,5,11.4,0,0,1,0,0.1666666666666666,0.8333333333333334,1.3333333333333333,2.1666666666666665,True,False,False,False,False,True,False,False,False,False,False,False,False,False,False,False,False,False,False,False,False,False,True,False,True,True,False,Enrolled,,False
2.490895890373665,0.6359890302771035,1.0581143319619706,-0.6939730878554988,0,8,8,8,12.82875,0,0,8,8,8,12.82875,0,0,1,0,1.0,1.0,1.0,1.0,True,False,False,True,False,False,False,False,False,False,False,False,False,False,False,False,False,False,False,False,False,False,True,False,True,False,False,Dropout,,False
-0.5540677512436588,0.5601558572210751,0.2086881694962399,-0.6939730878554988,0,7,7,6,13.183333333333332,0,0,7,7,6,13.183333333333332,0,0,1,0,0.8571428571428571,0.8571428571428571,1.0,1.0,True,True,False,True,False,False,False,False,False,False,False,False,False,False,False,False,False,False,False,False,False,False,True,False,True,True,False,Graduate,,False
-0.5540677512436588,0.0369069631344782,1.3136327710776772,-0.4303628237699172,0,6,6,5,11.0,0,0,6,6,6,13.166666666666666,0,0,1,1,0.8333333333333334,1.0,1.0,1.0,True,False,False,False,False,True,False,False,False,False,False,False,False,False,False,True,False,False,False,False,False,False,False,True,True,False,False,Graduate,,False
-0.5540677512436588,-0.7290080847314089,-0.9722213734439208,-0.6939730878554988,0,5,5,0,0.0,0,0,5,5,0,0.0,0,0,0,0,0.0,0.0,1.0,1.0,True,True,False,True,False,False,False,False,False,False,True,False,False,False,False,True,False,False,True,False,False,False,False,False,True,False,False,Dropout,,False
-0.5540677512436588,-0.7290080847314089,0.4849243198915993,-0.4303628237699172,0,6,6,6,13.666666666666666,0,0,6,6,6,13.333333333333334,0,0,1,0,1.0,1.0,1.0,1.0,True,False,False,False,False,True,False,True,False,False,False,False,False,False,False,False,False,False,False,False,False,False,False,False,True,True,False,Graduate,Graduate,True
0.9684140695650034,-0.8048412577874374,-0.4611844952125066,-0.562167955812708,0,6,0,0,0.0,0,0,6,0,0,0.0,0,0,1,0,0.0,0.0,0.0,0.0,True,False,False,False,False,True,False,False,False,False,False,False,False,False,False,False,False,False,True,False,False,False,True,False,True,False,False,Dropout,,False
0.9684140695650034,-0.5015085655633235,-0.5509612440909982,-0.562167955812708,0,7,8,7,12.142857142857142,0,0,8,8,8,13.375,0,0,1,0,1.0,1.0,1.1428571428571428,1.0,True,False,False,True,False,False,False,False,False,False,False,False,False,False,False,False,False,False,True,False,False,False,True,False,True,True,False,Dropout,,False
0.2071731591606723,-1.4115066422356652,-1.0412804110427605,-0.4303628237699172,0,6,6,6,12.0,0,0,6,7,6,12.5,0,0,1,0,1.0,1.0,1.0,1.1666666666666667,True,True,False,False,False,True,False,False,False,False,False,False,False,False,False,False,False,False,False,False,False,False,True,False,True,True,False,Enrolled,,False
0.9684140695650034,0.7118222033331321,1.9558818207468884,-0.562167955812708,0,5,5,5,15.2,0,0,5,6,5,13.2,0,0,1,0,1.0,1.0,1.0,1.2,True,False,False,True,False,False,False,False,False,False,False,False,False,False,False,False,False,True,False,False,False,True,False,False,True,False,False,Graduate,Dropout,False
-0.5540677512436588,0.5601558572210751,1.348162289877097,2.073934685043108,0,5,10,3,17.333333333333332,0,0,5,11,1,17.0,0,1,1,0,0.6,0.2,2.0,2.2,True,True,False,False,True,False,False,True,False,False,False,False,False,False,True,False,False,False,False,False,False,False,False,False,True,False,False,Dropout,Dropout,True
-0.5540677512436588,-0.9565076038994944,-1.863082958468955,1.414909024829154,0,5,9,0,0.0,0,0,5,10,1,11.0,0,1,1,0,0.0,0.2,1.8,2.0,True,False,True,False,False,False,False,True,False,False,False,False,False,False,False,True,False,False,False,False,False,False,False,False,True,False,False,Dropout,,False
3.2521368007779965,-1.866505680571836,-1.0205626997631088,-0.562167955812708,0,6,13,5,10.8,0,0,6,12,3,10.0,0,0,1,0,0.8333333333333334,0.5,2.1666666666666665,2.0,True,True,False,False,False,False,False,False,False,False,False,False,False,False,True,False,False,False,True,False,False,False,True,False,True,False,False,Enrolled,,False
-0.5540677512436588,-0.9565076038994944,0.1465350356572837,-0.6939730878554988,0,6,6,4,11.25,0,0,6,10,3,10.333333333333334,0,0,1,0,0.6666666666666666,0.5,1.0,1.6666666666666667,True,True,False,False,False,False,False,False,False,False,False,False,False,False,False,False,False,False,False,False,False,False,True,False,True,False,False,Dropout,,False
-0.5540677512436588,-1.1081739500115513,-0.5716789553706499,-0.562167955812708,0,6,7,6,12.0,0,0,6,6,6,14.0,0,0,1,0,1.0,1.0,1.1666666666666667,1.0,True,True,False,False,False,False,False,False,False,False,False,False,False,False,True,False,False,False,False,False,False,False,False,False,True,True,False,Graduate,,False
0.2071731591606723,0.2568231649969612,-0.122795210978191,-0.6939730878554988,0,6,8,6,12.285714285714286,0,0,6,9,5,12.4,0,0,1,0,1.0,0.8333333333333334,1.3333333333333333,1.5,True,False,False,False,False,False,False,False,False,False,False,False,False,False,False,False,False,False,False,False,False,False,True,False,True,True,False,Graduate,,False
-0.5540677512436588,0.4084895111090181,-0.2747250936956388,-0.2985576917271264,0,5,12,1,11.0,0,0,5,9,2,10.5,0,0,0,0,0.2,0.4,2.4,1.8,True,False,False,False,False,True,False,False,False,False,True,False,True,False,False,True,False,False,False,True,False,False,True,False,True,False,False,Enrolled,,False
2.490895890373665,-0.1981758733392096,0.0429464792590239,-0.6939730878554988,0,7,10,7,12.9,0,0,8,15,7,12.142857142857142,0,0,1,0,1.0,0.875,1.4285714285714286,1.875,True,False,False,True,False,False,False,False,False,False,False,False,False,False,False,False,False,False,False,False,False,False,True,False,True,False,False,Dropout,,False
-0.5540677512436588,-0.4560086617297068,-1.3451401764776565,2.4693500811714806,0,6,8,6,13.333333333333334,0,0,6,7,6,15.285714285714286,0,1,1,1,1.0,1.0,1.3333333333333333,1.1666666666666667,False,False,False,False,False,True,False,True,False,False,False,False,False,False,False,False,False,False,False,False,False,False,False,True,True,True,False,Graduate,,False
-0.5540677512436588,-1.714839334459779,-1.1724925824805563,0.4922731005296184,7,12,12,9,12.333333333333334,0,6,11,11,6,13.166666666666666,0,1,0,0,0.75,0.5454545454545454,1.0,1.0,True,True,False,False,False,False,True,False,True,False,False,True,False,False,False,True,False,False,False,True,False,False,True,False,True,False,False,Dropout,,False
-0.5540677512436588,-0.3498422194512666,-0.1918542485770308,-0.6939730878554988,0,6,8,5,13.0,0,0,6,7,6,13.142857142857142,0,0,1,0,0.8333333333333334,1.0,1.3333333333333333,1.1666666666666667,True,False,False,False,False,True,False,False,False,False,False,False,False,False,False,False,False,False,False,False,False,False,True,False,True,False,False,Dropout,,False
-0.5540677512436588,-1.259840296123608,0.0843819018183274,-0.1667525596843355,12,17,22,17,10.36842105263158,0,14,17,18,17,11.5,0,0,0,0,1.0,1.0,1.2941176470588236,1.0588235294117647,True,False,False,False,False,True,False,False,True,False,True,False,True,False,False,True,False,False,False,True,False,False,False,False,True,False,False,Graduate,,False
-0.5540677512436588,-0.1981758733392096,0.4780184161317157,-0.6939730878554988,0,6,10,5,12.2,0,0,6,8,4,11.25,0,0,1,0,0.8333333333333334,0.6666666666666666,1.6666666666666667,1.3333333333333333,True,False,False,False,False,False,False,False,False,False,False,False,False,False,False,False,False,False,False,False,False,False,True,False,True,False,False,Graduate,,False
0.2071731591606723,0.0369069631344782,-0.620020281689838,1.2831038927863632,0,5,11,0,0.0,0,0,5,5,0,0.0,0,1,1,1,0.0,0.0,2.2,1.0,False,True,False,False,True,False,False,True,False,False,False,False,False,False,False,False,False,False,False,False,False,False,False,False,False,False,False,Dropout,,False
-0.5540677512436588,0.0369069631344782,-1.863082958468955,0.096857704401246,0,8,11,7,12.614285714285714,0,0,8,11,7,12.614285714285714,0,1,0,0,0.875,0.875,1.375,1.375,True,False,False,True,False,False,False,True,False,False,False,False,True,False,True,False,False,False,False,True,False,False,False,False,True,False,False,Graduate,Dropout,False
2.490895890373665,-0.8048412577874374,-0.6545498004892579,-0.1667525596843355,0,5,12,2,11.5,0,0,5,12,0,0.0,0,0,1,1,0.4,0.0,2.4,2.4,True,False,False,False,False,False,False,False,False,False,False,False,False,False,False,False,False,False,False,False,False,False,True,True,False,False,False,Dropout,,False
-0.5540677512436588,0.4084895111090181,0.4503948010921794,-0.2985576917271264,0,6,8,3,10.2,0,0,6,13,4,12.25,0,0,1,0,0.5,0.6666666666666666,1.3333333333333333,2.1666666666666665,False,False,False,False,False,True,False,False,False,False,False,False,False,False,False,False,False,False,False,False,False,False,True,False,True,True,False,Enrolled,,False
3.2521368007779965,0.1051568188849042,0.1050996130979802,-0.6939730878554988,0,7,9,7,14.1,0,0,8,8,8,13.3125,0,0,1,0,1.0,1.0,1.2857142857142858,1.0,True,False,False,True,False,False,False,False,False,False,False,False,False,False,False,False,False,False,False,False,False,False,True,False,True,True,False,Graduate,,False
-0.5540677512436588,-0.6531749116753804,-0.5923966666503017,-0.6939730878554988,0,0,0,0,0.0,0,0,0,0,0,0.0,0,0,0,0,0.0,0.0,0.0,0.0,True,True,False,False,False,True,False,False,False,False,True,False,True,False,False,True,False,False,False,True,False,False,True,False,True,False,False,Enrolled,,False
-0.5540677512436588,0.1051568188849042,0.4158652822927594,-0.6939730878554988,0,6,8,6,11.75,0,0,6,10,5,12.0,0,0,0,0,1.0,0.8333333333333334,1.3333333333333333,1.6666666666666667,True,False,False,False,False,True,False,False,False,False,True,False,False,False,False,True,False,False,True,False,False,False,True,False,True,False,False,Graduate,,False
-0.5540677512436588,0.9393217225012176,0.8578431229253347,0.4922731005296184,0,6,12,2,11.0,0,0,6,14,4,10.5,0,1,1,1,0.3333333333333333,0.6666666666666666,2.0,2.333333333333333,False,False,False,False,False,True,False,False,False,False,False,False,False,False,False,False,False,False,False,False,False,False,False,False,False,False,False,Dropout,,False
-0.5540677512436588,-0.1981758733392096,-1.4625405403956842,0.3604679684868276,0,7,12,3,13.766666666666666,0,0,7,11,3,12.066666666666668,0,1,1,0,0.4285714285714285,0.4285714285714285,1.7142857142857142,1.5714285714285714,True,False,False,True,False,False,False,True,False,False,False,False,False,False,False,False,False,False,False,False,False,False,False,False,True,False,False,Dropout,,False
3.2521368007779965,1.0909880686132745,0.9752434868433616,-0.4303628237699172,0,7,9,6,13.0,0,0,8,8,8,14.2125,0,0,1,0,0.8571428571428571,1.0,1.2857142857142858,1.0,True,False,False,True,False,False,False,False,False,False,False,False,False,False,True,False,False,False,False,False,False,False,True,False,True,False,False,Dropout,,False
0.2071731591606723,0.0369069631344782,-1.1724925824805563,2.6011552132142715,0,5,14,0,0.0,1,0,5,5,0,0.0,0,1,1,0,0.0,0.0,2.8,1.0,False,True,False,False,False,False,False,True,False,False,False,False,False,False,True,False,False,False,False,False,False,False,False,False,True,False,False,Dropout,,False
2.490895890373665,-0.8048412577874374,-0.1504188260177273,-0.562167955812708,0,6,0,0,0.0,0,0,6,0,0,0.0,0,0,1,1,0.0,0.0,0.0,0.0,True,True,False,False,False,True,False,False,False,False,False,False,False,False,False,False,False,False,False,False,False,False,True,False,False,False,False,Dropout,Dropout,True
-0.5540677512436588,-0.1981758733392096,0.4158652822927594,0.3604679684868276,0,7,7,6,13.7,0,0,7,7,6,13.7,0,1,1,0,0.8571428571428571,0.8571428571428571,1.0,1.0,True,False,False,True,False,False,False,True,False,False,False,False,False,False,False,False,False,False,False,False,False,False,True,False,True,True,False,Graduate,,False
1.7296549799693344,0.1051568188849042,-0.1435129222578428,-0.6939730878554988,0,5,11,3,10.666666666666666,0,0,5,9,3,11.333333333333334,0,0,1,1,0.6,0.6,2.2,1.8,True,True,False,False,True,False,False,False,False,False,False,False,False,False,False,False,False,False,False,False,False,False,True,True,True,False,False,Enrolled,,False
-0.5540677512436588,0.9393217225012176,1.320538674837561,-0.6939730878554988,0,6,6,1,15.0,0,0,6,7,4,12.5,0,0,1,0,0.1666666666666666,0.6666666666666666,1.0,1.1666666666666667,True,False,False,False,False,True,True,False,False,False,False,False,False,False,False,True,False,False,False,True,False,False,True,False,True,False,False,Enrolled,,False
-0.5540677512436588,0.0369069631344782,-1.863082958468955,0.3604679684868276,0,6,7,2,12.0,1,0,6,6,0,0.0,0,1,1,0,0.3333333333333333,0.0,1.1666666666666667,1.0,True,False,False,False,False,True,False,True,False,False,False,False,False,False,True,False,False,False,True,False,False,False,False,False,True,False,True,Dropout,Enrolled,False
0.9684140695650034,-0.1981758733392096,-0.4197490726532021,-0.6939730878554988,0,6,6,6,14.333333333333334,0,0,6,6,6,14.166666666666666,0,0,1,1,1.0,1.0,1.0,1.0,True,False,False,False,False,True,False,False,False,False,False,False,False,False,True,False,False,False,True,False,False,False,True,True,True,False,False,Graduate,,False
-0.5540677512436588,-0.9565076038994944,-1.7387766907910434,1.1512987607435723,0,5,5,0,0.0,0,0,5,10,0,0.0,0,1,1,1,0.0,0.0,1.0,2.0,False,False,True,False,False,True,False,True,False,False,False,False,False,False,False,False,False,True,False,False,False,True,False,False,False,False,False,Dropout,Dropout,True
-0.5540677512436588,-0.8806744308434659,-0.8962564320851973,-0.4303628237699172,0,5,9,4,11.6,0,0,5,7,4,12.25,2,0,0,0,0.8,0.8,1.8,1.4,True,True,False,False,True,False,False,False,False,False,True,False,False,False,False,True,False,False,False,True,False,False,False,False,True,False,False,Enrolled,,False
0.2071731591606723,0.0369069631344782,-1.2415516200793966,2.996570609342644,4,9,18,8,11.375,2,0,5,11,5,11.8,0,1,1,0,0.8888888888888888,1.0,2.0,2.2,False,False,False,False,False,False,False,True,False,False,False,False,False,False,False,False,False,False,False,False,False,False,True,False,True,False,False,Graduate,Dropout,False
-0.5540677512436588,0.0369069631344782,-0.7443265493677496,0.096857704401246,0,6,11,5,12.857142857142858,0,0,6,12,5,13.666666666666666,0,1,0,0,0.8333333333333334,0.8333333333333334,1.8333333333333333,2.0,True,True,False,False,False,False,False,True,False,False,True,False,False,False,False,True,False,False,False,False,False,False,False,False,True,False,False,Dropout,,False
0.2071731591606723,-0.3498422194512666,-0.4128431688933185,-0.4303628237699172,0,5,6,5,13.2,0,0,5,10,5,11.4,3,0,0,1,1.0,1.0,1.2,2.0,True,True,False,False,False,False,False,False,False,False,True,False,False,False,False,True,False,False,False,True,False,False,True,True,True,False,False,Enrolled,,False
-0.5540677512436588,1.2426544147253311,0.5056420311712521,-0.4303628237699172,0,6,7,6,12.666666666666666,0,0,6,9,6,13.77777777777778,0,0,1,0,1.0,1.0,1.1666666666666667,1.5,True,False,False,False,False,False,False,False,False,False,False,False,False,False,False,False,False,False,True,False,False,False,False,False,True,False,False,Graduate,Graduate,True
1.7296549799693344,-0.8806744308434659,-0.4611844952125066,-0.562167955812708,0,6,6,6,13.666666666666666,0,0,6,6,6,13.333333333333334,0,0,1,1,1.0,1.0,1.0,1.0,True,True,False,False,False,True,False,False,False,False,False,False,False,False,False,False,False,False,False,False,False,False,True,True,True,True,False,Graduate,Enrolled,False
-0.5540677512436588,0.5601558572210751,0.8992785454846383,-0.0349474276415447,0,6,13,5,11.6,0,0,6,11,4,12.25,0,0,1,1,0.8333333333333334,0.6666666666666666,2.1666666666666665,1.8333333333333333,True,False,False,False,False,True,True,False,False,False,False,False,False,False,False,True,False,False,False,False,False,False,True,True,False,False,False,Dropout,,False
1.7296549799693344,0.0293236458288757,0.1050996130979802,-0.6939730878554988,0,6,14,2,11.0,0,0,6,14,3,10.333333333333334,0,0,1,0,0.3333333333333333,0.5,2.333333333333333,2.333333333333333,True,False,False,False,False,False,False,False,False,False,False,False,False,False,True,False,False,False,False,False,False,False,True,False,True,True,False,Dropout,,False
0.9684140695650034,1.0909880686132745,0.1258173243776329,-0.562167955812708,0,5,5,1,10.0,0,0,5,5,0,0.0,0,0,1,1,0.2,0.0,1.0,1.0,True,False,False,False,False,False,False,False,False,False,False,False,False,False,False,False,False,False,False,False,False,False,False,True,True,False,False,Dropout,,False
-0.5540677512436588,-0.1981758733392096,0.2086881694962399,-0.2985576917271264,6,12,12,12,15.083333333333334,0,4,11,15,11,13.083333333333334,0,0,1,0,1.0,1.0,1.0,1.3636363636363635,True,True,False,False,False,True,False,True,False,False,False,False,False,False,False,True,False,False,False,False,False,False,False,False,True,False,True,Enrolled,,False
-0.5540677512436588,0.0369069631344782,1.3136327710776772,-0.562167955812708,0,6,6,6,12.666666666666666,0,0,6,7,6,13.0,0,0,1,1,1.0,1.0,1.0,1.1666666666666667,True,False,False,False,False,True,False,False,False,False,False,False,False,False,False,False,False,False,False,False,False,False,False,True,True,True,False,Graduate,,False
3.2521368007779965,-1.3356734691796368,-0.6821734155287943,-0.1667525596843355,0,5,5,5,13.8,0,0,5,5,5,13.0,0,0,1,1,1.0,1.0,1.0,1.0,True,False,False,False,False,False,False,False,False,False,False,False,False,False,True,False,False,False,False,False,False,False,True,True,True,False,False,Graduate,,False
0.2071731591606723,1.166821241669303,0.5332656462107864,-0.6939730878554988,0,6,6,6,17.0,0,0,6,6,6,15.5,0,0,1,0,1.0,1.0,1.0,1.0,True,False,False,True,False,False,False,False,False,False,False,False,False,False,True,False,False,False,False,False,False,False,True,False,True,False,False,Graduate,,False
-0.5540677512436588,1.3184875877813598,-0.4749963027322748,2.073934685043108,11,15,15,12,11.916666666666666,0,8,13,14,8,11.25,0,1,1,1,0.8,0.6153846153846154,1.0,1.0769230769230769,False,False,True,False,False,False,False,True,False,False,False,False,False,False,False,True,False,False,False,True,False,False,False,False,False,False,False,Dropout,,False
-0.5540677512436588,-0.1981758733392096,-1.863082958468955,0.6240782325724092,4,10,19,8,11.88888888888889,0,2,8,17,5,11.6,1,1,1,1,0.8,0.625,1.9,2.125,True,True,False,False,False,True,False,True,False,False,False,False,False,False,False,False,False,False,False,False,False,False,False,True,False,False,False,Dropout,,False
0.2071731591606723,-1.259840296123608,-0.8548210095258938,-0.562167955812708,0,5,15,2,10.75,0,0,5,11,2,10.0,0,0,1,0,0.4,0.4,3.0,2.2,True,False,False,False,False,False,False,False,False,False,False,False,False,False,True,False,False,False,False,True,False,False,True,False,True,False,False,Dropout,Graduate,False
-0.5540677512436588,1.3184875877813598,1.5898689214730366,1.9421295530003173,0,5,6,0,0.0,0,0,5,5,0,0.0,0,1,0,1,0.0,0.0,1.2,1.0,True,False,False,False,False,False,True,False,True,False,True,False,False,False,False,True,False,False,True,False,False,False,True,True,False,False,False,Dropout,,False
-0.5540677512436588,-0.8806744308434659,-0.868632817045661,-0.562167955812708,0,6,10,5,11.5,0,0,6,9,4,14.6,0,0,1,0,0.8333333333333334,0.6666666666666666,1.6666666666666667,1.5,True,False,False,False,False,False,False,False,False,False,False,False,False,False,True,False,False,False,False,False,False,False,False,False,True,False,False,Graduate,Graduate,True
-0.5540677512436588,0.5601558572210751,0.8992785454846383,0.3604679684868276,3,5,5,5,14.0,0,1,5,5,5,15.6,0,1,1,0,1.0,1.0,1.0,1.0,True,False,True,False,False,False,True,False,True,False,False,False,False,False,False,False,False,False,False,False,False,False,False,False,True,False,False,Graduate,Graduate,True
-0.5540677512436588,0.1809899919409327,0.0015110566997204,-0.2985576917271264,0,6,0,0,0.0,0,0,6,0,0,0.0,0,0,1,0,0.0,0.0,0.0,0.0,True,False,False,False,False,True,False,False,False,False,False,False,False,False,False,False,False,False,False,False,False,False,False,False,True,False,False,Dropout,,False
0.2071731591606723,-0.0465095272271526,-0.3023487087351751,-0.4303628237699172,0,6,6,6,13.166666666666666,0,0,6,6,6,14.0,0,0,1,0,1.0,1.0,1.0,1.0,True,False,False,False,False,False,False,False,False,False,False,False,False,False,False,False,False,False,False,False,False,False,True,False,True,True,False,Graduate,,False
-0.5540677512436588,0.6359890302771035,0.339900340934036,-0.6939730878554988,0,7,7,7,15.101428571428572,0,0,8,8,8,16.09375,0,0,1,0,1.0,1.0,1.0,1.0,True,False,False,True,False,False,False,False,False,False,False,False,False,False,False,True,False,False,False,True,False,False,True,False,True,True,False,Graduate,,False
0.9684140695650034,-0.8048412577874374,-0.0261125583398158,-0.6939730878554988,0,5,5,5,10.4,0,0,6,13,0,0.0,0,0,1,1,1.0,0.0,1.0,2.1666666666666665,True,False,False,False,False,False,False,False,False,False,False,False,False,False,True,False,False,False,True,False,False,False,False,False,False,False,False,Dropout,,False
-0.5540677512436588,-1.714839334459779,0.8992785454846383,2.6011552132142715,0,7,7,0,0.0,0,0,8,13,2,13.15,0,1,1,0,0.0,0.25,1.0,1.625,False,True,False,True,False,False,False,True,False,False,False,False,False,False,False,False,False,False,False,False,False,False,False,False,True,False,False,Dropout,,False
-0.5540677512436588,-1.259840296123608,-1.1932102937602085,-0.1667525596843355,0,6,7,5,14.0,0,0,6,6,6,15.666666666666666,0,0,1,0,0.8333333333333334,1.0,1.1666666666666667,1.0,True,False,False,False,False,False,False,False,False,False,False,False,False,False,False,False,False,False,False,False,False,False,True,False,True,False,False,Graduate,,False
0.2071731591606723,-1.563172988347722,-1.4418228291160324,-0.4303628237699172,0,6,0,0,0.0,0,0,6,0,0,0.0,0,0,1,1,0.0,0.0,0.0,0.0,True,False,False,False,False,False,False,False,False,False,False,False,False,False,False,False,False,False,False,False,False,False,True,False,False,False,False,Dropout,,False
-0.5540677512436588,0.7876553763891605,-0.0261125583398158,-0.2985576917271264,5,10,18,8,11.5,0,0,6,12,4,10.0,0,0,1,1,0.8,0.6666666666666666,1.8,2.0,True,False,False,False,False,True,False,True,False,False,False,False,False,False,True,False,False,False,False,False,False,False,False,True,False,False,False,Enrolled,Enrolled,True
-0.5540677512436588,-0.1223427002831811,-0.5647730516107663,-0.562167955812708,0,5,6,5,13.4,0,0,5,6,5,13.0,0,0,0,0,1.0,1.0,1.2,1.2,True,False,False,False,False,False,False,False,False,False,True,False,False,False,False,True,False,False,True,False,False,False,False,False,True,False,False,Graduate,,False
0.9684140695650034,0.5601558572210751,-0.1020774996985392,-0.562167955812708,0,8,8,7,14.232857142857142,0,0,8,8,7,14.232857142857142,0,0,1,0,0.875,0.875,1.0,1.0,True,False,False,True,False,False,False,False,False,False,False,False,False,False,False,False,False,False,False,False,False,False,True,False,True,True,False,Graduate,,False
0.9684140695650034,0.4843226841650466,1.348162289877097,-0.2985576917271264,11,14,26,12,13.417391304347827,1,11,14,26,12,13.417391304347827,1,0,1,0,0.8571428571428571,0.8571428571428571,1.8571428571428568,1.8571428571428568,True,False,False,True,False,False,False,True,False,False,False,False,False,False,False,False,False,False,False,False,False,False,False,False,True,False,False,Graduate,,False
-0.5540677512436588,-0.6531749116753804,-0.0123007508200476,-0.2985576917271264,0,6,8,5,13.833333333333334,0,0,6,6,4,14.0,0,0,1,0,0.8333333333333334,0.6666666666666666,1.3333333333333333,1.0,True,True,False,False,False,True,False,False,False,False,False,False,False,False,False,False,False,False,False,False,False,False,False,False,True,True,False,Graduate,,False
0.2071731591606723,0.5601558572210751,0.7818781815666114,-0.6939730878554988,0,0,0,0,0.0,0,0,0,0,0,0.0,0,0,0,0,0.0,0.0,0.0,0.0,True,False,False,False,False,True,False,False,False,False,False,False,True,False,False,True,False,False,False,True,False,False,True,False,True,False,False,Enrolled,,False
-0.5540677512436588,-0.1981758733392096,0.2086881694962399,0.4922731005296184,0,5,0,0,0.0,0,0,5,0,0,0.0,0,1,0,0,0.0,0.0,0.0,0.0,True,True,True,False,False,False,True,False,True,False,False,False,True,False,True,False,False,False,False,True,False,False,False,False,True,False,False,Dropout,,False
-0.5540677512436588,0.1051568188849042,-0.3990313613735503,-0.562167955812708,0,7,10,7,13.47,0,0,8,8,8,13.32625,0,0,1,0,1.0,1.0,1.4285714285714286,1.0,True,False,False,True,False,False,False,False,False,False,False,False,False,False,False,True,False,False,False,False,False,False,False,False,True,False,False,Graduate,,False
2.490895890373665,-1.1081739500115513,-1.0067508922433406,-0.562167955812708,0,12,22,6,15.307692307692308,0,0,10,13,6,13.875,0,0,1,0,0.5,0.6,1.8333333333333333,1.3,True,False,False,True,False,False,False,False,False,False,False,False,False,False,False,False,False,False,False,False,False,False,True,False,True,False,False,Graduate,,False
-0.5540677512436588,-0.9565076038994944,-1.0965276411218332,1.0194936287007816,0,5,8,4,11.0,0,0,5,6,5,11.2,0,1,1,0,0.8,1.0,1.6,1.2,True,False,True,False,False,False,False,True,False,False,False,False,False,False,False,False,False,False,False,False,False,False,False,False,True,False,False,Graduate,,False
0.2071731591606723,-0.2740090463952381,-0.3161605162549423,-0.562167955812708,0,5,5,4,13.75,0,0,6,9,5,12.6,0,0,0,0,0.8,0.8333333333333334,1.0,1.5,True,False,False,False,False,False,False,True,False,False,True,False,True,False,True,False,False,False,True,False,False,False,True,False,True,False,False,Enrolled,,False
2.490895890373665,-2.397337891964036,-0.4888081102520419,-0.1667525596843355,5,11,16,9,10.88888888888889,0,2,10,20,4,11.25,1,0,1,1,0.8181818181818182,0.4,1.4545454545454546,2.0,True,False,False,False,False,True,False,True,False,False,False,False,False,False,False,False,False,False,False,False,False,False,True,True,False,False,True,Graduate,,False
-0.5540677512436588,-1.1081739500115513,-0.8133855869665894,-0.2985576917271264,0,5,7,3,12.333333333333334,0,0,5,5,2,12.5,0,0,1,0,0.6,0.4,1.4,1.0,True,False,False,False,False,False,False,False,False,False,False,False,False,False,False,False,False,False,False,False,False,False,True,False,True,True,False,Dropout,,False
-0.5540677512436588,1.3184875877813598,1.5898689214730366,0.2286628364440368,9,14,16,14,12.428571428571429,0,3,9,13,6,10.857142857142858,0,1,0,0,1.0,0.6666666666666666,1.1428571428571428,1.4444444444444444,True,True,False,False,False,True,True,False,False,True,True,False,True,False,False,True,False,False,False,True,False,False,False,False,True,False,False,Dropout,Graduate,False
-0.5540677512436588,-0.1981758733392096,0.2086881694962399,-0.1667525596843355,5,12,15,11,12.545454545454543,0,4,11,16,11,12.666666666666666,0,0,1,1,0.9166666666666666,1.0,1.25,1.4545454545454546,True,True,False,False,False,True,True,False,False,True,False,False,False,False,False,False,False,False,False,False,False,False,True,False,False,True,False,Graduate,,False
-0.5540677512436588,-0.1223427002831811,0.0843819018183274,-0.6939730878554988,0,6,7,6,14.0,0,0,6,8,6,13.666666666666666,0,0,1,0,1.0,1.0,1.1666666666666667,1.3333333333333333,True,True,False,False,False,True,False,False,False,False,False,False,False,False,False,True,False,False,False,False,False,False,True,False,True,False,False,Graduate,,False
0.2071731591606723,-0.1981758733392096,0.2086881694962399,1.0194936287007816,8,12,21,12,12.333333333333334,0,6,10,13,7,13.285714285714286,2,1,1,0,1.0,0.7,1.75,1.3,True,True,True,False,False,True,False,True,True,False,False,False,False,False,False,False,True,False,False,False,True,False,False,False,True,False,False,Graduate,,False
-0.5540677512436588,1.3943207608373882,0.7887840853264949,-0.6939730878554988,0,5,6,4,11.25,0,0,5,8,5,11.0,0,0,1,0,0.8,1.0,1.2,1.6,True,False,False,False,False,False,False,False,False,False,False,False,False,False,True,False,False,False,False,False,False,False,False,False,True,False,False,Enrolled,,False
